306 352 208 66 101
307 352 208 66 101
306 353 208 66 101
307 353 208 66 101
304 354 208 66 101
305 354 208 66 101
306 354 208 66 101
307 354 208 66 101
304 355 208 66 101
305 355 208 66 101
306 355 208 66 101
307 355 208 66 101
302 356 208 66 101
303 356 208 66 101
304 356 208 55 101
305 356 208 55 101
302 357 208 66 101
303 357 208 66 101
304 357 208 55 101
305 357 208 55 101
300 358 208 66 101
301 358 208 66 101
302 358 208 55 101
303 358 208 55 101
300 359 208 66 101
301 359 208 66 101
302 359 208 55 101
303 359 208 55 101
298 360 208 66 101
299 360 208 66 101
300 360 208 55 101
301 360 208 55 101
298 361 208 66 101
299 361 208 66 101
300 361 208 55 101
301 361 208 55 101
296 362 208 66 101
297 362 208 66 101
298 362 208 66 101
299 362 208 66 101
296 363 208 66 101
297 363 208 66 101
298 363 208 66 101
299 363 208 66 101
306 352 209 66 101
307 352 209 66 101
306 353 209 66 101
307 353 209 66 101
304 354 209 66 101
305 354 209 66 101
306 354 209 66 101
307 354 209 66 101
304 355 209 66 101
305 355 209 66 101
306 355 209 66 101
307 355 209 66 101
302 356 209 66 101
303 356 209 66 101
304 356 209 55 101
305 356 209 55 101
302 357 209 66 101
303 357 209 66 101
304 357 209 55 101
305 357 209 55 101
300 358 209 66 101
301 358 209 66 101
302 358 209 55 101
303 358 209 55 101
300 359 209 66 101
301 359 209 66 101
302 359 209 55 101
303 359 209 55 101
298 360 209 66 101
299 360 209 66 101
300 360 209 55 101
301 360 209 55 101
298 361 209 66 101
299 361 209 66 101
300 361 209 55 101
301 361 209 55 101
296 362 209 66 101
297 362 209 66 101
298 362 209 66 101
299 362 209 66 101
296 363 209 66 101
297 363 209 66 101
298 363 209 66 101
299 363 209 66 101
310 348 210 66 101
311 348 210 66 101
310 349 210 66 101
311 349 210 66 101
308 350 210 66 101
309 350 210 66 101
310 350 210 33 101
311 350 210 33 101
308 351 210 66 101
309 351 210 66 101
310 351 210 33 101
311 351 210 33 101
306 352 210 55 101
307 352 210 55 101
308 352 210 55 101
309 352 210 55 101
306 353 210 55 101
307 353 210 55 101
308 353 210 55 101
309 353 210 55 101
296 362 210 55 101
297 362 210 55 101
296 363 210 55 101
297 363 210 55 101
294 364 210 66 101
295 364 210 66 101
296 364 210 55 101
297 364 210 55 101
294 365 210 66 101
295 365 210 66 101
296 365 210 55 101
297 365 210 55 101
292 366 210 66 101
293 366 210 66 101
294 366 210 33 101
295 366 210 33 101
292 367 210 66 101
293 367 210 66 101
294 367 210 33 101
295 367 210 33 101
310 348 211 66 101
311 348 211 66 101
310 349 211 66 101
311 349 211 66 101
308 350 211 66 101
309 350 211 66 101
310 350 211 33 101
311 350 211 33 101
308 351 211 66 101
309 351 211 66 101
310 351 211 33 101
311 351 211 33 101
306 352 211 55 101
307 352 211 55 101
308 352 211 55 101
309 352 211 55 101
306 353 211 55 101
307 353 211 55 101
308 353 211 55 101
309 353 211 55 101
296 362 211 55 101
297 362 211 55 101
296 363 211 55 101
297 363 211 55 101
294 364 211 66 101
295 364 211 66 101
296 364 211 55 101
297 364 211 55 101
294 365 211 66 101
295 365 211 66 101
296 365 211 55 101
297 365 211 55 101
292 366 211 66 101
293 366 211 66 101
294 366 211 33 101
295 366 211 33 101
292 367 211 66 101
293 367 211 66 101
294 367 211 33 101
295 367 211 33 101
312 346 212 66 101
313 346 212 66 101
314 346 212 66 101
315 346 212 66 101
312 347 212 66 101
313 347 212 66 101
314 347 212 66 101
315 347 212 66 101
312 348 212 55 101
313 348 212 55 101
312 349 212 55 101
313 349 212 55 101
290 368 212 66 101
291 368 212 66 101
292 368 212 55 101
293 368 212 55 101
290 369 212 66 101
291 369 212 66 101
292 369 212 55 101
293 369 212 55 101
290 370 212 66 101
291 370 212 66 101
290 371 212 66 101
291 371 212 66 101
312 346 213 66 101
313 346 213 66 101
314 346 213 66 101
315 346 213 66 101
312 347 213 66 101
313 347 213 66 101
314 347 213 66 101
315 347 213 66 101
312 348 213 55 101
313 348 213 55 101
312 349 213 55 101
313 349 213 55 101
290 368 213 66 101
291 368 213 66 101
292 368 213 55 101
293 368 213 55 101
290 369 213 66 101
291 369 213 66 101
292 369 213 55 101
293 369 213 55 101
290 370 213 66 101
291 370 213 66 101
290 371 213 66 101
291 371 213 66 101
314 344 214 66 101
315 344 214 66 101
316 344 214 66 101
317 344 214 66 101
314 345 214 66 101
315 345 214 66 101
316 345 214 66 101
317 345 214 66 101
314 346 214 55 101
315 346 214 55 101
314 347 214 55 101
315 347 214 55 101
288 370 214 66 101
289 370 214 66 101
290 370 214 55 101
291 370 214 55 101
288 371 214 66 101
289 371 214 66 101
290 371 214 55 101
291 371 214 55 101
288 372 214 66 101
289 372 214 66 101
288 373 214 66 101
289 373 214 66 101
314 344 215 66 101
315 344 215 66 101
316 344 215 66 101
317 344 215 66 101
314 345 215 66 101
315 345 215 66 101
316 345 215 66 101
317 345 215 66 101
314 346 215 55 101
315 346 215 55 101
314 347 215 55 101
315 347 215 55 101
288 370 215 66 101
289 370 215 66 101
290 370 215 55 101
291 370 215 55 101
288 371 215 66 101
289 371 215 66 101
290 371 215 55 101
291 371 215 55 101
288 372 215 66 101
289 372 215 66 101
288 373 215 66 101
289 373 215 66 101
316 342 216 66 101
317 342 216 66 101
318 342 216 66 101
319 342 216 66 101
316 343 216 66 101
317 343 216 66 101
318 343 216 66 101
319 343 216 66 101
286 372 216 66 101
287 372 216 66 101
288 372 216 55 101
289 372 216 55 101
286 373 216 66 101
287 373 216 66 101
288 373 216 55 101
289 373 216 55 101
286 374 216 66 101
287 374 216 66 101
286 375 216 66 101
287 375 216 66 101
316 342 217 66 101
317 342 217 66 101
318 342 217 66 101
319 342 217 66 101
316 343 217 66 101
317 343 217 66 101
318 343 217 66 101
319 343 217 66 101
286 372 217 66 101
287 372 217 66 101
288 372 217 55 101
289 372 217 55 101
286 373 217 66 101
287 373 217 66 101
288 373 217 55 101
289 373 217 55 101
286 374 217 66 101
287 374 217 66 101
286 375 217 66 101
287 375 217 66 101
318 340 218 66 101
319 340 218 66 101
318 341 218 66 101
319 341 218 66 101
318 342 218 33 101
319 342 218 33 101
318 343 218 33 101
319 343 218 33 101
284 374 218 66 101
285 374 218 66 101
286 374 218 33 101
287 374 218 33 101
284 375 218 66 101
285 375 218 66 101
286 375 218 33 101
287 375 218 33 101
318 340 219 66 101
319 340 219 66 101
318 341 219 66 101
319 341 219 66 101
318 342 219 33 101
319 342 219 33 101
318 343 219 33 101
319 343 219 33 101
284 374 219 66 101
285 374 219 66 101
286 374 219 33 101
287 374 219 33 101
284 375 219 66 101
285 375 219 66 101
286 375 219 33 101
287 375 219 33 101
320 340 220 66 101
321 340 220 66 101
320 341 220 66 101
321 341 220 66 101
284 374 220 66 101
285 374 220 66 101
284 375 220 66 101
285 375 220 66 101
284 376 220 66 101
285 376 220 66 101
284 377 220 66 101
285 377 220 66 101
320 340 221 66 101
321 340 221 66 101
320 341 221 66 101
321 341 221 66 101
284 374 221 66 101
285 374 221 66 101
284 375 221 66 101
285 375 221 66 101
284 376 221 66 101
285 376 221 66 101
284 377 221 66 101
285 377 221 66 101
320 338 222 66 101
321 338 222 66 101
320 339 222 66 101
321 339 222 66 101
282 376 222 66 101
283 376 222 66 101
282 377 222 66 101
283 377 222 66 101
320 338 223 66 101
321 338 223 66 101
320 339 223 66 101
321 339 223 66 101
282 376 223 66 101
283 376 223 66 101
282 377 223 66 101
283 377 223 66 101
322 338 224 66 101
323 338 224 66 101
322 339 224 66 101
323 339 224 66 101
282 378 224 66 101
283 378 224 66 101
282 379 224 66 101
283 379 224 66 101
322 338 225 66 101
323 338 225 66 101
322 339 225 66 101
323 339 225 66 101
282 378 225 66 101
283 378 225 66 101
282 379 225 66 101
283 379 225 66 101
322 336 226 66 101
323 336 226 66 101
322 337 226 66 101
323 337 226 66 101
322 338 226 66 101
323 338 226 66 101
322 339 226 66 101
323 339 226 66 101
280 378 226 66 101
281 378 226 66 101
282 378 226 66 101
283 378 226 66 101
280 379 226 66 101
281 379 226 66 101
282 379 226 66 101
283 379 226 66 101
322 336 227 66 101
323 336 227 66 101
322 337 227 66 101
323 337 227 66 101
322 338 227 66 101
323 338 227 66 101
322 339 227 66 101
323 339 227 66 101
280 378 227 66 101
281 378 227 66 101
282 378 227 66 101
283 378 227 66 101
280 379 227 66 101
281 379 227 66 101
282 379 227 66 101
283 379 227 66 101
322 336 228 66 101
323 336 228 66 101
324 336 228 66 101
325 336 228 66 101
322 337 228 66 101
323 337 228 66 101
324 337 228 66 101
325 337 228 66 101
280 378 228 66 101
281 378 228 66 101
280 379 228 66 101
281 379 228 66 101
280 380 228 66 101
281 380 228 66 101
280 381 228 66 101
281 381 228 66 101
322 336 229 66 101
323 336 229 66 101
324 336 229 66 101
325 336 229 66 101
322 337 229 66 101
323 337 229 66 101
324 337 229 66 101
325 337 229 66 101
280 378 229 66 101
281 378 229 66 101
280 379 229 66 101
281 379 229 66 101
280 380 229 66 101
281 380 229 66 101
280 381 229 66 101
281 381 229 66 101
324 336 230 66 101
325 336 230 66 101
324 337 230 66 101
325 337 230 66 101
280 380 230 66 101
281 380 230 66 101
280 381 230 66 101
281 381 230 66 101
324 336 231 66 101
325 336 231 66 101
324 337 231 66 101
325 337 231 66 101
280 380 231 66 101
281 380 231 66 101
280 381 231 66 101
281 381 231 66 101
324 334 232 66 101
325 334 232 66 101
324 335 232 66 101
325 335 232 66 101
324 336 232 66 101
325 336 232 66 101
324 337 232 66 101
325 337 232 66 101
278 380 232 66 101
279 380 232 66 101
280 380 232 66 101
281 380 232 66 101
278 381 232 66 101
279 381 232 66 101
280 381 232 66 101
281 381 232 66 101
324 334 233 66 101
325 334 233 66 101
324 335 233 66 101
325 335 233 66 101
324 336 233 66 101
325 336 233 66 101
324 337 233 66 101
325 337 233 66 101
278 380 233 66 101
279 380 233 66 101
280 380 233 66 101
281 380 233 66 101
278 381 233 66 101
279 381 233 66 101
280 381 233 66 101
281 381 233 66 101
324 334 234 66 101
325 334 234 66 101
324 335 234 66 101
325 335 234 66 101
278 380 234 66 101
279 380 234 66 101
278 381 234 66 101
279 381 234 66 101
356 396 234 12 102
357 396 234 12 102
356 397 234 12 102
357 397 234 12 102
354 398 234 12 102
355 398 234 12 102
356 398 234 12 102
357 398 234 12 102
354 399 234 12 102
355 399 234 12 102
356 399 234 12 102
357 399 234 12 102
352 400 234 12 102
353 400 234 12 102
354 400 234 12 102
355 400 234 12 102
352 401 234 12 102
353 401 234 12 102
354 401 234 12 102
355 401 234 12 102
350 402 234 12 102
351 402 234 12 102
352 402 234 12 102
353 402 234 12 102
354 402 234 12 102
355 402 234 12 102
350 403 234 12 102
351 403 234 12 102
352 403 234 12 102
353 403 234 12 102
354 403 234 12 102
355 403 234 12 102
324 334 235 66 101
325 334 235 66 101
324 335 235 66 101
325 335 235 66 101
278 380 235 66 101
279 380 235 66 101
278 381 235 66 101
279 381 235 66 101
356 396 235 12 102
357 396 235 12 102
356 397 235 12 102
357 397 235 12 102
354 398 235 12 102
355 398 235 12 102
356 398 235 12 102
357 398 235 12 102
354 399 235 12 102
355 399 235 12 102
356 399 235 12 102
357 399 235 12 102
352 400 235 12 102
353 400 235 12 102
354 400 235 12 102
355 400 235 12 102
352 401 235 12 102
353 401 235 12 102
354 401 235 12 102
355 401 235 12 102
350 402 235 12 102
351 402 235 12 102
352 402 235 12 102
353 402 235 12 102
354 402 235 12 102
355 402 235 12 102
350 403 235 12 102
351 403 235 12 102
352 403 235 12 102
353 403 235 12 102
354 403 235 12 102
355 403 235 12 102
324 334 236 66 101
325 334 236 66 101
324 335 236 66 101
325 335 236 66 101
278 380 236 66 101
279 380 236 66 101
278 381 236 66 101
279 381 236 66 101
356 394 236 12 102
357 394 236 12 102
358 394 236 12 102
359 394 236 12 102
356 395 236 12 102
357 395 236 12 102
358 395 236 12 102
359 395 236 12 102
348 404 236 12 102
349 404 236 12 102
350 404 236 12 102
351 404 236 12 102
348 405 236 12 102
349 405 236 12 102
350 405 236 12 102
351 405 236 12 102
350 406 236 12 102
351 406 236 12 102
350 407 236 12 102
351 407 236 12 102
324 334 237 66 101
325 334 237 66 101
324 335 237 66 101
325 335 237 66 101
278 380 237 66 101
279 380 237 66 101
278 381 237 66 101
279 381 237 66 101
356 394 237 12 102
357 394 237 12 102
358 394 237 12 102
359 394 237 12 102
356 395 237 12 102
357 395 237 12 102
358 395 237 12 102
359 395 237 12 102
348 404 237 12 102
349 404 237 12 102
350 404 237 12 102
351 404 237 12 102
348 405 237 12 102
349 405 237 12 102
350 405 237 12 102
351 405 237 12 102
350 406 237 12 102
351 406 237 12 102
350 407 237 12 102
351 407 237 12 102
324 334 238 66 101
325 334 238 66 101
324 335 238 66 101
325 335 238 66 101
278 380 238 66 101
279 380 238 66 101
278 381 238 66 101
279 381 238 66 101
358 392 238 12 102
359 392 238 12 102
360 392 238 12 102
361 392 238 12 102
358 393 238 12 102
359 393 238 12 102
360 393 238 12 102
361 393 238 12 102
360 394 238 12 102
361 394 238 12 102
360 395 238 12 102
361 395 238 12 102
348 406 238 12 102
349 406 238 12 102
350 406 238 12 102
351 406 238 12 102
348 407 238 12 102
349 407 238 12 102
350 407 238 12 102
351 407 238 12 102
348 408 238 12 102
349 408 238 12 102
348 409 238 12 102
349 409 238 12 102
324 334 239 66 101
325 334 239 66 101
324 335 239 66 101
325 335 239 66 101
278 380 239 66 101
279 380 239 66 101
278 381 239 66 101
279 381 239 66 101
358 392 239 12 102
359 392 239 12 102
360 392 239 12 102
361 392 239 12 102
358 393 239 12 102
359 393 239 12 102
360 393 239 12 102
361 393 239 12 102
360 394 239 12 102
361 394 239 12 102
360 395 239 12 102
361 395 239 12 102
348 406 239 12 102
349 406 239 12 102
350 406 239 12 102
351 406 239 12 102
348 407 239 12 102
349 407 239 12 102
350 407 239 12 102
351 407 239 12 102
348 408 239 12 102
349 408 239 12 102
348 409 239 12 102
349 409 239 12 102
324 334 240 66 101
325 334 240 66 101
324 335 240 66 101
325 335 240 66 101
278 380 240 66 101
279 380 240 66 101
278 381 240 66 101
279 381 240 66 101
360 390 240 12 102
361 390 240 12 102
360 391 240 12 102
361 391 240 12 102
358 392 240 12 102
359 392 240 12 102
360 392 240 12 102
361 392 240 12 102
358 393 240 12 102
359 393 240 12 102
360 393 240 12 102
361 393 240 12 102
360 394 240 12 102
361 394 240 12 102
360 395 240 12 102
361 395 240 12 102
346 406 240 12 102
347 406 240 12 102
348 406 240 12 102
349 406 240 12 102
346 407 240 12 102
347 407 240 12 102
348 407 240 12 102
349 407 240 12 102
346 408 240 12 102
347 408 240 12 102
348 408 240 12 102
349 408 240 12 102
350 408 240 12 102
351 408 240 12 102
346 409 240 12 102
347 409 240 12 102
348 409 240 12 102
349 409 240 12 102
350 409 240 12 102
351 409 240 12 102
324 334 241 66 101
325 334 241 66 101
324 335 241 66 101
325 335 241 66 101
278 380 241 66 101
279 380 241 66 101
278 381 241 66 101
279 381 241 66 101
360 390 241 12 102
361 390 241 12 102
360 391 241 12 102
361 391 241 12 102
358 392 241 12 102
359 392 241 12 102
360 392 241 12 102
361 392 241 12 102
358 393 241 12 102
359 393 241 12 102
360 393 241 12 102
361 393 241 12 102
360 394 241 12 102
361 394 241 12 102
360 395 241 12 102
361 395 241 12 102
346 406 241 12 102
347 406 241 12 102
348 406 241 12 102
349 406 241 12 102
346 407 241 12 102
347 407 241 12 102
348 407 241 12 102
349 407 241 12 102
346 408 241 12 102
347 408 241 12 102
348 408 241 12 102
349 408 241 12 102
350 408 241 12 102
351 408 241 12 102
346 409 241 12 102
347 409 241 12 102
348 409 241 12 102
349 409 241 12 102
350 409 241 12 102
351 409 241 12 102
324 334 242 66 101
325 334 242 66 101
324 335 242 66 101
325 335 242 66 101
278 380 242 66 101
279 380 242 66 101
278 381 242 66 101
279 381 242 66 101
358 390 242 12 102
359 390 242 12 102
360 390 242 12 102
361 390 242 12 102
358 391 242 12 102
359 391 242 12 102
360 391 242 12 102
361 391 242 12 102
358 392 242 12 102
359 392 242 12 102
360 392 242 12 102
361 392 242 12 102
358 393 242 12 102
359 393 242 12 102
360 393 242 12 102
361 393 242 12 102
346 406 242 12 102
347 406 242 12 102
348 406 242 30 102
349 406 242 30 102
346 407 242 12 102
347 407 242 12 102
348 407 242 30 102
349 407 242 30 102
346 408 242 12 102
347 408 242 12 102
348 408 242 12 102
349 408 242 12 102
346 409 242 12 102
347 409 242 12 102
348 409 242 12 102
349 409 242 12 102
324 334 243 66 101
325 334 243 66 101
324 335 243 66 101
325 335 243 66 101
278 380 243 66 101
279 380 243 66 101
278 381 243 66 101
279 381 243 66 101
358 390 243 12 102
359 390 243 12 102
360 390 243 12 102
361 390 243 12 102
358 391 243 12 102
359 391 243 12 102
360 391 243 12 102
361 391 243 12 102
358 392 243 12 102
359 392 243 12 102
360 392 243 12 102
361 392 243 12 102
358 393 243 12 102
359 393 243 12 102
360 393 243 12 102
361 393 243 12 102
346 406 243 12 102
347 406 243 12 102
348 406 243 30 102
349 406 243 30 102
346 407 243 12 102
347 407 243 12 102
348 407 243 30 102
349 407 243 30 102
346 408 243 12 102
347 408 243 12 102
348 408 243 12 102
349 408 243 12 102
346 409 243 12 102
347 409 243 12 102
348 409 243 12 102
349 409 243 12 102
324 334 244 66 101
325 334 244 66 101
324 335 244 66 101
325 335 244 66 101
278 380 244 66 101
279 380 244 66 101
278 381 244 66 101
279 381 244 66 101
358 390 244 12 102
359 390 244 12 102
360 390 244 12 102
361 390 244 12 102
358 391 244 12 102
359 391 244 12 102
360 391 244 12 102
361 391 244 12 102
358 392 244 12 102
359 392 244 12 102
360 392 244 12 102
361 392 244 12 102
358 393 244 12 102
359 393 244 12 102
360 393 244 12 102
361 393 244 12 102
324 334 245 66 101
325 334 245 66 101
324 335 245 66 101
325 335 245 66 101
278 380 245 66 101
279 380 245 66 101
278 381 245 66 101
279 381 245 66 101
358 390 245 12 102
359 390 245 12 102
360 390 245 12 102
361 390 245 12 102
358 391 245 12 102
359 391 245 12 102
360 391 245 12 102
361 391 245 12 102
358 392 245 12 102
359 392 245 12 102
360 392 245 12 102
361 392 245 12 102
358 393 245 12 102
359 393 245 12 102
360 393 245 12 102
361 393 245 12 102
324 334 246 12 101
325 334 246 12 101
324 335 246 12 101
325 335 246 12 101
278 380 246 13 101
279 380 246 13 101
278 381 246 13 101
279 381 246 13 101
358 390 246 12 102
359 390 246 12 102
360 390 246 12 102
361 390 246 12 102
358 391 246 12 102
359 391 246 12 102
360 391 246 12 102
361 391 246 12 102
358 392 246 12 102
359 392 246 12 102
360 392 246 12 102
361 392 246 12 102
358 393 246 12 102
359 393 246 12 102
360 393 246 12 102
361 393 246 12 102
324 334 247 12 101
325 334 247 12 101
324 335 247 12 101
325 335 247 12 101
278 380 247 13 101
279 380 247 13 101
278 381 247 13 101
279 381 247 13 101
358 390 247 12 102
359 390 247 12 102
360 390 247 12 102
361 390 247 12 102
358 391 247 12 102
359 391 247 12 102
360 391 247 12 102
361 391 247 12 102
358 392 247 12 102
359 392 247 12 102
360 392 247 12 102
361 392 247 12 102
358 393 247 12 102
359 393 247 12 102
360 393 247 12 102
361 393 247 12 102
324 334 248 12 101
325 334 248 12 101
324 335 248 12 101
325 335 248 12 101
324 336 248 66 101
325 336 248 66 101
324 337 248 66 101
325 337 248 66 101
278 380 248 13 101
279 380 248 13 101
280 380 248 66 101
281 380 248 66 101
278 381 248 13 101
279 381 248 13 101
280 381 248 66 101
281 381 248 66 101
358 390 248 12 102
359 390 248 12 102
360 390 248 12 102
361 390 248 12 102
358 391 248 12 102
359 391 248 12 102
360 391 248 12 102
361 391 248 12 102
358 392 248 12 102
359 392 248 12 102
360 392 248 12 102
361 392 248 12 102
358 393 248 12 102
359 393 248 12 102
360 393 248 12 102
361 393 248 12 102
324 334 249 12 101
325 334 249 12 101
324 335 249 12 101
325 335 249 12 101
324 336 249 66 101
325 336 249 66 101
324 337 249 66 101
325 337 249 66 101
278 380 249 13 101
279 380 249 13 101
280 380 249 66 101
281 380 249 66 101
278 381 249 13 101
279 381 249 13 101
280 381 249 66 101
281 381 249 66 101
358 390 249 12 102
359 390 249 12 102
360 390 249 12 102
361 390 249 12 102
358 391 249 12 102
359 391 249 12 102
360 391 249 12 102
361 391 249 12 102
358 392 249 12 102
359 392 249 12 102
360 392 249 12 102
361 392 249 12 102
358 393 249 12 102
359 393 249 12 102
360 393 249 12 102
361 393 249 12 102
324 336 250 66 101
325 336 250 66 101
324 337 250 66 101
325 337 250 66 101
280 380 250 66 101
281 380 250 66 101
280 381 250 66 101
281 381 250 66 101
358 390 250 12 102
359 390 250 12 102
360 390 250 12 102
361 390 250 12 102
358 391 250 12 102
359 391 250 12 102
360 391 250 12 102
361 391 250 12 102
358 392 250 12 102
359 392 250 12 102
360 392 250 12 102
361 392 250 12 102
358 393 250 12 102
359 393 250 12 102
360 393 250 12 102
361 393 250 12 102
324 336 251 66 101
325 336 251 66 101
324 337 251 66 101
325 337 251 66 101
280 380 251 66 101
281 380 251 66 101
280 381 251 66 101
281 381 251 66 101
358 390 251 12 102
359 390 251 12 102
360 390 251 12 102
361 390 251 12 102
358 391 251 12 102
359 391 251 12 102
360 391 251 12 102
361 391 251 12 102
358 392 251 12 102
359 392 251 12 102
360 392 251 12 102
361 392 251 12 102
358 393 251 12 102
359 393 251 12 102
360 393 251 12 102
361 393 251 12 102
322 336 252 66 101
323 336 252 66 101
324 336 252 66 101
325 336 252 66 101
322 337 252 66 101
323 337 252 66 101
324 337 252 66 101
325 337 252 66 101
280 378 252 66 101
281 378 252 66 101
280 379 252 66 101
281 379 252 66 101
280 380 252 66 101
281 380 252 66 101
280 381 252 66 101
281 381 252 66 101
358 390 252 12 102
359 390 252 12 102
360 390 252 12 102
361 390 252 12 102
358 391 252 12 102
359 391 252 12 102
360 391 252 12 102
361 391 252 12 102
358 392 252 12 102
359 392 252 12 102
360 392 252 12 102
361 392 252 12 102
358 393 252 12 102
359 393 252 12 102
360 393 252 12 102
361 393 252 12 102
322 336 253 66 101
323 336 253 66 101
324 336 253 66 101
325 336 253 66 101
322 337 253 66 101
323 337 253 66 101
324 337 253 66 101
325 337 253 66 101
280 378 253 66 101
281 378 253 66 101
280 379 253 66 101
281 379 253 66 101
280 380 253 66 101
281 380 253 66 101
280 381 253 66 101
281 381 253 66 101
358 390 253 12 102
359 390 253 12 102
360 390 253 12 102
361 390 253 12 102
358 391 253 12 102
359 391 253 12 102
360 391 253 12 102
361 391 253 12 102
358 392 253 12 102
359 392 253 12 102
360 392 253 12 102
361 392 253 12 102
358 393 253 12 102
359 393 253 12 102
360 393 253 12 102
361 393 253 12 102
322 336 254 66 101
323 336 254 66 101
322 337 254 66 101
323 337 254 66 101
280 378 254 66 101
281 378 254 66 101
280 379 254 66 101
281 379 254 66 101
358 390 254 12 102
359 390 254 12 102
360 390 254 12 102
361 390 254 12 102
358 391 254 12 102
359 391 254 12 102
360 391 254 12 102
361 391 254 12 102
358 392 254 12 102
359 392 254 12 102
360 392 254 12 102
361 392 254 12 102
358 393 254 12 102
359 393 254 12 102
360 393 254 12 102
361 393 254 12 102
322 336 255 66 101
323 336 255 66 101
322 337 255 66 101
323 337 255 66 101
280 378 255 66 101
281 378 255 66 101
280 379 255 66 101
281 379 255 66 101
358 390 255 12 102
359 390 255 12 102
360 390 255 12 102
361 390 255 12 102
358 391 255 12 102
359 391 255 12 102
360 391 255 12 102
361 391 255 12 102
358 392 255 12 102
359 392 255 12 102
360 392 255 12 102
361 392 255 12 102
358 393 255 12 102
359 393 255 12 102
360 393 255 12 102
361 393 255 12 102
322 336 256 13 101
323 336 256 13 101
322 337 256 13 101
323 337 256 13 101
322 338 256 66 101
323 338 256 66 101
322 339 256 66 101
323 339 256 66 101
280 378 256 13 101
281 378 256 13 101
282 378 256 66 101
283 378 256 66 101
280 379 256 13 101
281 379 256 13 101
282 379 256 66 101
283 379 256 66 101
358 390 256 12 102
359 390 256 12 102
360 390 256 12 102
361 390 256 12 102
358 391 256 12 102
359 391 256 12 102
360 391 256 12 102
361 391 256 12 102
358 392 256 12 102
359 392 256 12 102
360 392 256 12 102
361 392 256 12 102
358 393 256 12 102
359 393 256 12 102
360 393 256 12 102
361 393 256 12 102
322 336 257 13 101
323 336 257 13 101
322 337 257 13 101
323 337 257 13 101
322 338 257 66 101
323 338 257 66 101
322 339 257 66 101
323 339 257 66 101
280 378 257 13 101
281 378 257 13 101
282 378 257 66 101
283 378 257 66 101
280 379 257 13 101
281 379 257 13 101
282 379 257 66 101
283 379 257 66 101
358 390 257 12 102
359 390 257 12 102
360 390 257 12 102
361 390 257 12 102
358 391 257 12 102
359 391 257 12 102
360 391 257 12 102
361 391 257 12 102
358 392 257 12 102
359 392 257 12 102
360 392 257 12 102
361 392 257 12 102
358 393 257 12 102
359 393 257 12 102
360 393 257 12 102
361 393 257 12 102
320 338 258 66 101
321 338 258 66 101
322 338 258 13 101
323 338 258 13 101
320 339 258 66 101
321 339 258 66 101
322 339 258 13 101
323 339 258 13 101
282 376 258 66 101
283 376 258 66 101
282 377 258 66 101
283 377 258 66 101
282 378 258 13 101
283 378 258 13 101
282 379 258 13 101
283 379 258 13 101
358 390 258 12 102
359 390 258 12 102
360 390 258 12 102
361 390 258 12 102
358 391 258 12 102
359 391 258 12 102
360 391 258 12 102
361 391 258 12 102
358 392 258 12 102
359 392 258 12 102
360 392 258 12 102
361 392 258 12 102
358 393 258 12 102
359 393 258 12 102
360 393 258 12 102
361 393 258 12 102
320 338 259 66 101
321 338 259 66 101
322 338 259 13 101
323 338 259 13 101
320 339 259 66 101
321 339 259 66 101
322 339 259 13 101
323 339 259 13 101
282 376 259 66 101
283 376 259 66 101
282 377 259 66 101
283 377 259 66 101
282 378 259 13 101
283 378 259 13 101
282 379 259 13 101
283 379 259 13 101
358 390 259 12 102
359 390 259 12 102
360 390 259 12 102
361 390 259 12 102
358 391 259 12 102
359 391 259 12 102
360 391 259 12 102
361 391 259 12 102
358 392 259 12 102
359 392 259 12 102
360 392 259 12 102
361 392 259 12 102
358 393 259 12 102
359 393 259 12 102
360 393 259 12 102
361 393 259 12 102
320 338 260 13 101
321 338 260 13 101
320 339 260 13 101
321 339 260 13 101
320 340 260 66 101
321 340 260 66 101
320 341 260 66 101
321 341 260 66 101
282 376 260 13 101
283 376 260 13 101
284 376 260 66 101
285 376 260 66 101
282 377 260 13 101
283 377 260 13 101
284 377 260 66 101
285 377 260 66 101
358 390 260 12 102
359 390 260 12 102
360 390 260 12 102
361 390 260 12 102
358 391 260 12 102
359 391 260 12 102
360 391 260 12 102
361 391 260 12 102
358 392 260 12 102
359 392 260 12 102
360 392 260 12 102
361 392 260 12 102
358 393 260 12 102
359 393 260 12 102
360 393 260 12 102
361 393 260 12 102
320 338 261 13 101
321 338 261 13 101
320 339 261 13 101
321 339 261 13 101
320 340 261 66 101
321 340 261 66 101
320 341 261 66 101
321 341 261 66 101
282 376 261 13 101
283 376 261 13 101
284 376 261 66 101
285 376 261 66 101
282 377 261 13 101
283 377 261 13 101
284 377 261 66 101
285 377 261 66 101
358 390 261 12 102
359 390 261 12 102
360 390 261 12 102
361 390 261 12 102
358 391 261 12 102
359 391 261 12 102
360 391 261 12 102
361 391 261 12 102
358 392 261 12 102
359 392 261 12 102
360 392 261 12 102
361 392 261 12 102
358 393 261 12 102
359 393 261 12 102
360 393 261 12 102
361 393 261 12 102
318 340 262 66 101
319 340 262 66 101
320 340 262 13 101
321 340 262 13 101
318 341 262 66 101
319 341 262 66 101
320 341 262 13 101
321 341 262 13 101
284 374 262 66 101
285 374 262 66 101
284 375 262 66 101
285 375 262 66 101
284 376 262 13 101
285 376 262 13 101
284 377 262 13 101
285 377 262 13 101
358 390 262 12 102
359 390 262 12 102
360 390 262 12 102
361 390 262 12 102
358 391 262 12 102
359 391 262 12 102
360 391 262 12 102
361 391 262 12 102
358 392 262 12 102
359 392 262 12 102
360 392 262 12 102
361 392 262 12 102
358 393 262 12 102
359 393 262 12 102
360 393 262 12 102
361 393 262 12 102
318 340 263 66 101
319 340 263 66 101
320 340 263 13 101
321 340 263 13 101
318 341 263 66 101
319 341 263 66 101
320 341 263 13 101
321 341 263 13 101
284 374 263 66 101
285 374 263 66 101
284 375 263 66 101
285 375 263 66 101
284 376 263 13 101
285 376 263 13 101
284 377 263 13 101
285 377 263 13 101
358 390 263 12 102
359 390 263 12 102
360 390 263 12 102
361 390 263 12 102
358 391 263 12 102
359 391 263 12 102
360 391 263 12 102
361 391 263 12 102
358 392 263 12 102
359 392 263 12 102
360 392 263 12 102
361 392 263 12 102
358 393 263 12 102
359 393 263 12 102
360 393 263 12 102
361 393 263 12 102
318 340 264 13 101
319 340 264 13 101
318 341 264 13 101
319 341 264 13 101
316 342 264 66 101
317 342 264 66 101
318 342 264 66 101
319 342 264 66 101
316 343 264 66 101
317 343 264 66 101
318 343 264 66 101
319 343 264 66 101
286 372 264 66 101
287 372 264 66 101
286 373 264 66 101
287 373 264 66 101
286 374 264 66 101
287 374 264 66 101
286 375 264 66 101
287 375 264 66 101
358 390 264 12 102
359 390 264 12 102
360 390 264 12 102
361 390 264 12 102
358 391 264 12 102
359 391 264 12 102
360 391 264 12 102
361 391 264 12 102
358 392 264 12 102
359 392 264 12 102
360 392 264 12 102
361 392 264 12 102
358 393 264 12 102
359 393 264 12 102
360 393 264 12 102
361 393 264 12 102
318 340 265 13 101
319 340 265 13 101
318 341 265 13 101
319 341 265 13 101
316 342 265 66 101
317 342 265 66 101
318 342 265 66 101
319 342 265 66 101
316 343 265 66 101
317 343 265 66 101
318 343 265 66 101
319 343 265 66 101
286 372 265 66 101
287 372 265 66 101
286 373 265 66 101
287 373 265 66 101
286 374 265 66 101
287 374 265 66 101
286 375 265 66 101
287 375 265 66 101
358 390 265 12 102
359 390 265 12 102
360 390 265 12 102
361 390 265 12 102
358 391 265 12 102
359 391 265 12 102
360 391 265 12 102
361 391 265 12 102
358 392 265 12 102
359 392 265 12 102
360 392 265 12 102
361 392 265 12 102
358 393 265 12 102
359 393 265 12 102
360 393 265 12 102
361 393 265 12 102
316 342 266 13 101
317 342 266 13 101
316 343 266 13 101
317 343 266 13 101
316 344 266 66 101
317 344 266 66 101
316 345 266 66 101
317 345 266 66 101
286 372 266 13 101
287 372 266 13 101
288 372 266 66 101
289 372 266 66 101
286 373 266 13 101
287 373 266 13 101
288 373 266 66 101
289 373 266 66 101
358 390 266 12 102
359 390 266 12 102
360 390 266 12 102
361 390 266 12 102
358 391 266 12 102
359 391 266 12 102
360 391 266 12 102
361 391 266 12 102
358 392 266 12 102
359 392 266 12 102
360 392 266 12 102
361 392 266 12 102
358 393 266 12 102
359 393 266 12 102
360 393 266 12 102
361 393 266 12 102
316 342 267 13 101
317 342 267 13 101
316 343 267 13 101
317 343 267 13 101
316 344 267 66 101
317 344 267 66 101
316 345 267 66 101
317 345 267 66 101
286 372 267 13 101
287 372 267 13 101
288 372 267 66 101
289 372 267 66 101
286 373 267 13 101
287 373 267 13 101
288 373 267 66 101
289 373 267 66 101
358 390 267 12 102
359 390 267 12 102
360 390 267 12 102
361 390 267 12 102
358 391 267 12 102
359 391 267 12 102
360 391 267 12 102
361 391 267 12 102
358 392 267 12 102
359 392 267 12 102
360 392 267 12 102
361 392 267 12 102
358 393 267 12 102
359 393 267 12 102
360 393 267 12 102
361 393 267 12 102
314 344 268 13 101
315 344 268 13 101
314 345 268 13 101
315 345 268 13 101
312 346 268 66 101
313 346 268 66 101
314 346 268 66 101
315 346 268 66 101
312 347 268 66 101
313 347 268 66 101
314 347 268 66 101
315 347 268 66 101
290 368 268 66 101
291 368 268 66 101
290 369 268 66 101
291 369 268 66 101
288 370 268 9 101
289 370 268 9 101
290 370 268 66 101
291 370 268 66 101
288 371 268 9 101
289 371 268 9 101
290 371 268 66 101
291 371 268 66 101
358 390 268 9 102
359 390 268 9 102
360 390 268 9 102
361 390 268 9 102
358 391 268 9 102
359 391 268 9 102
360 391 268 9 102
361 391 268 9 102
358 392 268 9 102
359 392 268 9 102
360 392 268 9 102
361 392 268 9 102
358 393 268 9 102
359 393 268 9 102
360 393 268 9 102
361 393 268 9 102
314 344 269 13 101
315 344 269 13 101
314 345 269 13 101
315 345 269 13 101
312 346 269 66 101
313 346 269 66 101
314 346 269 66 101
315 346 269 66 101
312 347 269 66 101
313 347 269 66 101
314 347 269 66 101
315 347 269 66 101
290 368 269 66 101
291 368 269 66 101
290 369 269 66 101
291 369 269 66 101
288 370 269 9 101
289 370 269 9 101
290 370 269 66 101
291 370 269 66 101
288 371 269 9 101
289 371 269 9 101
290 371 269 66 101
291 371 269 66 101
358 390 269 9 102
359 390 269 9 102
360 390 269 9 102
361 390 269 9 102
358 391 269 9 102
359 391 269 9 102
360 391 269 9 102
361 391 269 9 102
358 392 269 9 102
359 392 269 9 102
360 392 269 9 102
361 392 269 9 102
358 393 269 9 102
359 393 269 9 102
360 393 269 9 102
361 393 269 9 102
312 346 270 13 101
313 346 270 13 101
312 347 270 13 101
313 347 270 13 101
310 348 270 13 101
311 348 270 13 101
312 348 270 66 101
313 348 270 66 101
310 349 270 13 101
311 349 270 13 101
312 349 270 66 101
313 349 270 66 101
310 350 270 66 101
311 350 270 66 101
310 351 270 66 101
311 351 270 66 101
292 366 270 9 101
293 366 270 9 101
294 366 270 66 101
295 366 270 66 101
292 367 270 9 101
293 367 270 9 101
294 367 270 66 101
295 367 270 66 101
290 368 270 9 101
291 368 270 9 101
292 368 270 66 101
293 368 270 66 101
290 369 270 9 101
291 369 270 9 101
292 369 270 66 101
293 369 270 66 101
356 388 270 9 110
357 388 270 9 110
358 388 270 9 110
359 388 270 9 110
360 388 270 9 110
361 388 270 9 110
362 388 270 9 110
363 388 270 9 110
356 389 270 9 110
357 389 270 9 110
358 389 270 9 110
359 389 270 9 110
360 389 270 9 110
361 389 270 9 110
362 389 270 9 110
363 389 270 9 110
356 390 270 9 110
357 390 270 9 110
358 390 270 9 102
359 390 270 9 102
360 390 270 9 102
361 390 270 9 102
362 390 270 9 110
363 390 270 9 110
356 391 270 9 110
357 391 270 9 110
358 391 270 9 102
359 391 270 9 102
360 391 270 9 102
361 391 270 9 102
362 391 270 9 110
363 391 270 9 110
356 392 270 9 110
357 392 270 9 110
358 392 270 9 102
359 392 270 9 102
360 392 270 9 102
361 392 270 9 102
362 392 270 9 110
363 392 270 9 110
356 393 270 9 110
357 393 270 9 110
358 393 270 9 102
359 393 270 9 102
360 393 270 9 102
361 393 270 9 102
362 393 270 9 110
363 393 270 9 110
356 394 270 9 110
357 394 270 9 110
358 394 270 9 110
359 394 270 9 110
360 394 270 9 110
361 394 270 9 110
362 394 270 9 110
363 394 270 9 110
356 395 270 9 110
357 395 270 9 110
358 395 270 9 110
359 395 270 9 110
360 395 270 9 110
361 395 270 9 110
362 395 270 9 110
363 395 270 9 110
312 346 271 13 101
313 346 271 13 101
312 347 271 13 101
313 347 271 13 101
310 348 271 13 101
311 348 271 13 101
312 348 271 66 101
313 348 271 66 101
310 349 271 13 101
311 349 271 13 101
312 349 271 66 101
313 349 271 66 101
310 350 271 66 101
311 350 271 66 101
310 351 271 66 101
311 351 271 66 101
292 366 271 9 101
293 366 271 9 101
294 366 271 66 101
295 366 271 66 101
292 367 271 9 101
293 367 271 9 101
294 367 271 66 101
295 367 271 66 101
290 368 271 9 101
291 368 271 9 101
292 368 271 66 101
293 368 271 66 101
290 369 271 9 101
291 369 271 9 101
292 369 271 66 101
293 369 271 66 101
356 388 271 9 110
357 388 271 9 110
358 388 271 9 110
359 388 271 9 110
360 388 271 9 110
361 388 271 9 110
362 388 271 9 110
363 388 271 9 110
356 389 271 9 110
357 389 271 9 110
358 389 271 9 110
359 389 271 9 110
360 389 271 9 110
361 389 271 9 110
362 389 271 9 110
363 389 271 9 110
356 390 271 9 110
357 390 271 9 110
358 390 271 9 102
359 390 271 9 102
360 390 271 9 102
361 390 271 9 102
362 390 271 9 110
363 390 271 9 110
356 391 271 9 110
357 391 271 9 110
358 391 271 9 102
359 391 271 9 102
360 391 271 9 102
361 391 271 9 102
362 391 271 9 110
363 391 271 9 110
356 392 271 9 110
357 392 271 9 110
358 392 271 9 102
359 392 271 9 102
360 392 271 9 102
361 392 271 9 102
362 392 271 9 110
363 392 271 9 110
356 393 271 9 110
357 393 271 9 110
358 393 271 9 102
359 393 271 9 102
360 393 271 9 102
361 393 271 9 102
362 393 271 9 110
363 393 271 9 110
356 394 271 9 110
357 394 271 9 110
358 394 271 9 110
359 394 271 9 110
360 394 271 9 110
361 394 271 9 110
362 394 271 9 110
363 394 271 9 110
356 395 271 9 110
357 395 271 9 110
358 395 271 9 110
359 395 271 9 110
360 395 271 9 110
361 395 271 9 110
362 395 271 9 110
363 395 271 9 110
308 350 272 13 101
309 350 272 13 101
308 351 272 13 101
309 351 272 13 101
306 352 272 13 101
307 352 272 13 101
308 352 272 66 101
309 352 272 66 101
306 353 272 13 101
307 353 272 13 101
308 353 272 66 101
309 353 272 66 101
304 354 272 9 101
305 354 272 9 101
306 354 272 66 101
307 354 272 66 101
304 355 272 9 101
305 355 272 9 101
306 355 272 66 101
307 355 272 66 101
302 356 272 66 101
303 356 272 66 101
304 356 272 66 101
305 356 272 66 101
302 357 272 66 101
303 357 272 66 101
304 357 272 66 101
305 357 272 66 101
300 358 272 66 101
301 358 272 66 101
302 358 272 66 101
303 358 272 66 101
300 359 272 66 101
301 359 272 66 101
302 359 272 66 101
303 359 272 66 101
298 360 272 9 101
299 360 272 9 101
300 360 272 66 101
301 360 272 66 101
298 361 272 9 101
299 361 272 9 101
300 361 272 66 101
301 361 272 66 101
296 362 272 9 101
297 362 272 9 101
298 362 272 66 101
299 362 272 66 101
296 363 272 9 101
297 363 272 9 101
298 363 272 66 101
299 363 272 66 101
294 364 272 9 101
295 364 272 9 101
296 364 272 66 101
297 364 272 66 101
294 365 272 9 101
295 365 272 9 101
296 365 272 66 101
297 365 272 66 101
356 388 272 9 110
357 388 272 9 110
358 388 272 9 110
359 388 272 9 110
360 388 272 9 110
361 388 272 9 110
362 388 272 9 110
363 388 272 9 110
356 389 272 9 110
357 389 272 9 110
358 389 272 9 110
359 389 272 9 110
360 389 272 9 110
361 389 272 9 110
362 389 272 9 110
363 389 272 9 110
356 390 272 9 110
357 390 272 9 110
358 390 272 9 102
359 390 272 9 102
360 390 272 9 102
361 390 272 9 102
362 390 272 9 110
363 390 272 9 110
356 391 272 9 110
357 391 272 9 110
358 391 272 9 102
359 391 272 9 102
360 391 272 9 102
361 391 272 9 102
362 391 272 9 110
363 391 272 9 110
356 392 272 9 110
357 392 272 9 110
358 392 272 9 102
359 392 272 9 102
360 392 272 9 102
361 392 272 9 102
362 392 272 9 110
363 392 272 9 110
356 393 272 9 110
357 393 272 9 110
358 393 272 9 102
359 393 272 9 102
360 393 272 9 102
361 393 272 9 102
362 393 272 9 110
363 393 272 9 110
356 394 272 9 110
357 394 272 9 110
358 394 272 9 110
359 394 272 9 110
360 394 272 9 110
361 394 272 9 110
362 394 272 9 110
363 394 272 9 110
356 395 272 9 110
357 395 272 9 110
358 395 272 9 110
359 395 272 9 110
360 395 272 9 110
361 395 272 9 110
362 395 272 9 110
363 395 272 9 110
308 350 273 13 101
309 350 273 13 101
308 351 273 13 101
309 351 273 13 101
306 352 273 13 101
307 352 273 13 101
308 352 273 66 101
309 352 273 66 101
306 353 273 13 101
307 353 273 13 101
308 353 273 66 101
309 353 273 66 101
304 354 273 9 101
305 354 273 9 101
306 354 273 66 101
307 354 273 66 101
304 355 273 9 101
305 355 273 9 101
306 355 273 66 101
307 355 273 66 101
302 356 273 66 101
303 356 273 66 101
304 356 273 66 101
305 356 273 66 101
302 357 273 66 101
303 357 273 66 101
304 357 273 66 101
305 357 273 66 101
300 358 273 66 101
301 358 273 66 101
302 358 273 66 101
303 358 273 66 101
300 359 273 66 101
301 359 273 66 101
302 359 273 66 101
303 359 273 66 101
298 360 273 9 101
299 360 273 9 101
300 360 273 66 101
301 360 273 66 101
298 361 273 9 101
299 361 273 9 101
300 361 273 66 101
301 361 273 66 101
296 362 273 9 101
297 362 273 9 101
298 362 273 66 101
299 362 273 66 101
296 363 273 9 101
297 363 273 9 101
298 363 273 66 101
299 363 273 66 101
294 364 273 9 101
295 364 273 9 101
296 364 273 66 101
297 364 273 66 101
294 365 273 9 101
295 365 273 9 101
296 365 273 66 101
297 365 273 66 101
356 388 273 9 110
357 388 273 9 110
358 388 273 9 110
359 388 273 9 110
360 388 273 9 110
361 388 273 9 110
362 388 273 9 110
363 388 273 9 110
356 389 273 9 110
357 389 273 9 110
358 389 273 9 110
359 389 273 9 110
360 389 273 9 110
361 389 273 9 110
362 389 273 9 110
363 389 273 9 110
356 390 273 9 110
357 390 273 9 110
358 390 273 9 102
359 390 273 9 102
360 390 273 9 102
361 390 273 9 102
362 390 273 9 110
363 390 273 9 110
356 391 273 9 110
357 391 273 9 110
358 391 273 9 102
359 391 273 9 102
360 391 273 9 102
361 391 273 9 102
362 391 273 9 110
363 391 273 9 110
356 392 273 9 110
357 392 273 9 110
358 392 273 9 102
359 392 273 9 102
360 392 273 9 102
361 392 273 9 102
362 392 273 9 110
363 392 273 9 110
356 393 273 9 110
357 393 273 9 110
358 393 273 9 102
359 393 273 9 102
360 393 273 9 102
361 393 273 9 102
362 393 273 9 110
363 393 273 9 110
356 394 273 9 110
357 394 273 9 110
358 394 273 9 110
359 394 273 9 110
360 394 273 9 110
361 394 273 9 110
362 394 273 9 110
363 394 273 9 110
356 395 273 9 110
357 395 273 9 110
358 395 273 9 110
359 395 273 9 110
360 395 273 9 110
361 395 273 9 110
362 395 273 9 110
363 395 273 9 110
356 388 274 9 110
357 388 274 9 110
358 388 274 9 110
359 388 274 9 110
360 388 274 9 110
361 388 274 9 110
362 388 274 9 110
363 388 274 9 110
356 389 274 9 110
357 389 274 9 110
358 389 274 9 110
359 389 274 9 110
360 389 274 9 110
361 389 274 9 110
362 389 274 9 110
363 389 274 9 110
356 390 274 9 110
357 390 274 9 110
358 390 274 9 102
359 390 274 9 102
360 390 274 9 102
361 390 274 9 102
362 390 274 9 110
363 390 274 9 110
356 391 274 9 110
357 391 274 9 110
358 391 274 9 102
359 391 274 9 102
360 391 274 9 102
361 391 274 9 102
362 391 274 9 110
363 391 274 9 110
356 392 274 9 110
357 392 274 9 110
358 392 274 9 102
359 392 274 9 102
360 392 274 9 102
361 392 274 9 102
362 392 274 9 110
363 392 274 9 110
356 393 274 9 110
357 393 274 9 110
358 393 274 9 102
359 393 274 9 102
360 393 274 9 102
361 393 274 9 102
362 393 274 9 110
363 393 274 9 110
356 394 274 9 110
357 394 274 9 110
358 394 274 9 110
359 394 274 9 110
360 394 274 9 110
361 394 274 9 110
362 394 274 9 110
363 394 274 9 110
356 395 274 9 110
357 395 274 9 110
358 395 274 9 110
359 395 274 9 110
360 395 274 9 110
361 395 274 9 110
362 395 274 9 110
363 395 274 9 110
356 388 275 9 110
357 388 275 9 110
358 388 275 9 110
359 388 275 9 110
360 388 275 9 110
361 388 275 9 110
362 388 275 9 110
363 388 275 9 110
356 389 275 9 110
357 389 275 9 110
358 389 275 9 110
359 389 275 9 110
360 389 275 9 110
361 389 275 9 110
362 389 275 9 110
363 389 275 9 110
356 390 275 9 110
357 390 275 9 110
358 390 275 9 102
359 390 275 9 102
360 390 275 9 102
361 390 275 9 102
362 390 275 9 110
363 390 275 9 110
356 391 275 9 110
357 391 275 9 110
358 391 275 9 102
359 391 275 9 102
360 391 275 9 102
361 391 275 9 102
362 391 275 9 110
363 391 275 9 110
356 392 275 9 110
357 392 275 9 110
358 392 275 9 102
359 392 275 9 102
360 392 275 9 102
361 392 275 9 102
362 392 275 9 110
363 392 275 9 110
356 393 275 9 110
357 393 275 9 110
358 393 275 9 102
359 393 275 9 102
360 393 275 9 102
361 393 275 9 102
362 393 275 9 110
363 393 275 9 110
356 394 275 9 110
357 394 275 9 110
358 394 275 9 110
359 394 275 9 110
360 394 275 9 110
361 394 275 9 110
362 394 275 9 110
363 394 275 9 110
356 395 275 9 110
357 395 275 9 110
358 395 275 9 110
359 395 275 9 110
360 395 275 9 110
361 395 275 9 110
362 395 275 9 110
363 395 275 9 110
356 388 276 9 110
357 388 276 9 110
358 388 276 9 110
359 388 276 9 110
360 388 276 9 110
361 388 276 9 110
362 388 276 9 110
363 388 276 9 110
356 389 276 9 110
357 389 276 9 110
358 389 276 9 110
359 389 276 9 110
360 389 276 9 110
361 389 276 9 110
362 389 276 9 110
363 389 276 9 110
356 390 276 9 110
357 390 276 9 110
358 390 276 9 102
359 390 276 9 102
360 390 276 9 102
361 390 276 9 102
362 390 276 9 110
363 390 276 9 110
356 391 276 9 110
357 391 276 9 110
358 391 276 9 102
359 391 276 9 102
360 391 276 9 102
361 391 276 9 102
362 391 276 9 110
363 391 276 9 110
356 392 276 9 110
357 392 276 9 110
358 392 276 9 102
359 392 276 9 102
360 392 276 9 102
361 392 276 9 102
362 392 276 9 110
363 392 276 9 110
356 393 276 9 110
357 393 276 9 110
358 393 276 9 102
359 393 276 9 102
360 393 276 9 102
361 393 276 9 102
362 393 276 9 110
363 393 276 9 110
356 394 276 9 110
357 394 276 9 110
358 394 276 9 110
359 394 276 9 110
360 394 276 9 110
361 394 276 9 110
362 394 276 9 110
363 394 276 9 110
356 395 276 9 110
357 395 276 9 110
358 395 276 9 110
359 395 276 9 110
360 395 276 9 110
361 395 276 9 110
362 395 276 9 110
363 395 276 9 110
356 388 277 9 110
357 388 277 9 110
358 388 277 9 110
359 388 277 9 110
360 388 277 9 110
361 388 277 9 110
362 388 277 9 110
363 388 277 9 110
356 389 277 9 110
357 389 277 9 110
358 389 277 9 110
359 389 277 9 110
360 389 277 9 110
361 389 277 9 110
362 389 277 9 110
363 389 277 9 110
356 390 277 9 110
357 390 277 9 110
358 390 277 9 102
359 390 277 9 102
360 390 277 9 102
361 390 277 9 102
362 390 277 9 110
363 390 277 9 110
356 391 277 9 110
357 391 277 9 110
358 391 277 9 102
359 391 277 9 102
360 391 277 9 102
361 391 277 9 102
362 391 277 9 110
363 391 277 9 110
356 392 277 9 110
357 392 277 9 110
358 392 277 9 102
359 392 277 9 102
360 392 277 9 102
361 392 277 9 102
362 392 277 9 110
363 392 277 9 110
356 393 277 9 110
357 393 277 9 110
358 393 277 9 102
359 393 277 9 102
360 393 277 9 102
361 393 277 9 102
362 393 277 9 110
363 393 277 9 110
356 394 277 9 110
357 394 277 9 110
358 394 277 9 110
359 394 277 9 110
360 394 277 9 110
361 394 277 9 110
362 394 277 9 110
363 394 277 9 110
356 395 277 9 110
357 395 277 9 110
358 395 277 9 110
359 395 277 9 110
360 395 277 9 110
361 395 277 9 110
362 395 277 9 110
363 395 277 9 110
356 388 278 9 110
357 388 278 9 110
358 388 278 9 110
359 388 278 9 110
360 388 278 9 110
361 388 278 9 110
362 388 278 9 110
363 388 278 9 110
356 389 278 9 110
357 389 278 9 110
358 389 278 9 110
359 389 278 9 110
360 389 278 9 110
361 389 278 9 110
362 389 278 9 110
363 389 278 9 110
356 390 278 9 110
357 390 278 9 110
358 390 278 9 102
359 390 278 9 102
360 390 278 9 102
361 390 278 9 102
362 390 278 9 110
363 390 278 9 110
356 391 278 9 110
357 391 278 9 110
358 391 278 9 102
359 391 278 9 102
360 391 278 9 102
361 391 278 9 102
362 391 278 9 110
363 391 278 9 110
356 392 278 9 110
357 392 278 9 110
358 392 278 9 102
359 392 278 9 102
360 392 278 9 102
361 392 278 9 102
362 392 278 9 110
363 392 278 9 110
356 393 278 9 110
357 393 278 9 110
358 393 278 9 102
359 393 278 9 102
360 393 278 9 102
361 393 278 9 102
362 393 278 9 110
363 393 278 9 110
356 394 278 9 110
357 394 278 9 110
358 394 278 9 110
359 394 278 9 110
360 394 278 9 110
361 394 278 9 110
362 394 278 9 110
363 394 278 9 110
356 395 278 9 110
357 395 278 9 110
358 395 278 9 110
359 395 278 9 110
360 395 278 9 110
361 395 278 9 110
362 395 278 9 110
363 395 278 9 110
356 388 279 9 110
357 388 279 9 110
358 388 279 9 110
359 388 279 9 110
360 388 279 9 110
361 388 279 9 110
362 388 279 9 110
363 388 279 9 110
356 389 279 9 110
357 389 279 9 110
358 389 279 9 110
359 389 279 9 110
360 389 279 9 110
361 389 279 9 110
362 389 279 9 110
363 389 279 9 110
356 390 279 9 110
357 390 279 9 110
358 390 279 9 102
359 390 279 9 102
360 390 279 9 102
361 390 279 9 102
362 390 279 9 110
363 390 279 9 110
356 391 279 9 110
357 391 279 9 110
358 391 279 9 102
359 391 279 9 102
360 391 279 9 102
361 391 279 9 102
362 391 279 9 110
363 391 279 9 110
356 392 279 9 110
357 392 279 9 110
358 392 279 9 102
359 392 279 9 102
360 392 279 9 102
361 392 279 9 102
362 392 279 9 110
363 392 279 9 110
356 393 279 9 110
357 393 279 9 110
358 393 279 9 102
359 393 279 9 102
360 393 279 9 102
361 393 279 9 102
362 393 279 9 110
363 393 279 9 110
356 394 279 9 110
357 394 279 9 110
358 394 279 9 110
359 394 279 9 110
360 394 279 9 110
361 394 279 9 110
362 394 279 9 110
363 394 279 9 110
356 395 279 9 110
357 395 279 9 110
358 395 279 9 110
359 395 279 9 110
360 395 279 9 110
361 395 279 9 110
362 395 279 9 110
363 395 279 9 110
356 388 280 9 110
357 388 280 9 110
358 388 280 9 110
359 388 280 9 110
360 388 280 9 110
361 388 280 9 110
362 388 280 9 110
363 388 280 9 110
356 389 280 9 110
357 389 280 9 110
358 389 280 9 110
359 389 280 9 110
360 389 280 9 110
361 389 280 9 110
362 389 280 9 110
363 389 280 9 110
356 390 280 9 110
357 390 280 9 110
358 390 280 9 102
359 390 280 9 102
360 390 280 9 102
361 390 280 9 102
362 390 280 9 110
363 390 280 9 110
356 391 280 9 110
357 391 280 9 110
358 391 280 9 102
359 391 280 9 102
360 391 280 9 102
361 391 280 9 102
362 391 280 9 110
363 391 280 9 110
356 392 280 9 110
357 392 280 9 110
358 392 280 9 102
359 392 280 9 102
360 392 280 9 102
361 392 280 9 102
362 392 280 9 110
363 392 280 9 110
356 393 280 9 110
357 393 280 9 110
358 393 280 9 102
359 393 280 9 102
360 393 280 9 102
361 393 280 9 102
362 393 280 9 110
363 393 280 9 110
356 394 280 9 110
357 394 280 9 110
358 394 280 9 110
359 394 280 9 110
360 394 280 9 110
361 394 280 9 110
362 394 280 9 110
363 394 280 9 110
356 395 280 9 110
357 395 280 9 110
358 395 280 9 110
359 395 280 9 110
360 395 280 9 110
361 395 280 9 110
362 395 280 9 110
363 395 280 9 110
356 388 281 9 110
357 388 281 9 110
358 388 281 9 110
359 388 281 9 110
360 388 281 9 110
361 388 281 9 110
362 388 281 9 110
363 388 281 9 110
356 389 281 9 110
357 389 281 9 110
358 389 281 9 110
359 389 281 9 110
360 389 281 9 110
361 389 281 9 110
362 389 281 9 110
363 389 281 9 110
356 390 281 9 110
357 390 281 9 110
358 390 281 9 102
359 390 281 9 102
360 390 281 9 102
361 390 281 9 102
362 390 281 9 110
363 390 281 9 110
356 391 281 9 110
357 391 281 9 110
358 391 281 9 102
359 391 281 9 102
360 391 281 9 102
361 391 281 9 102
362 391 281 9 110
363 391 281 9 110
356 392 281 9 110
357 392 281 9 110
358 392 281 9 102
359 392 281 9 102
360 392 281 9 102
361 392 281 9 102
362 392 281 9 110
363 392 281 9 110
356 393 281 9 110
357 393 281 9 110
358 393 281 9 102
359 393 281 9 102
360 393 281 9 102
361 393 281 9 102
362 393 281 9 110
363 393 281 9 110
356 394 281 9 110
357 394 281 9 110
358 394 281 9 110
359 394 281 9 110
360 394 281 9 110
361 394 281 9 110
362 394 281 9 110
363 394 281 9 110
356 395 281 9 110
357 395 281 9 110
358 395 281 9 110
359 395 281 9 110
360 395 281 9 110
361 395 281 9 110
362 395 281 9 110
363 395 281 9 110
356 388 282 9 110
357 388 282 9 110
358 388 282 9 110
359 388 282 9 110
360 388 282 9 110
361 388 282 9 110
362 388 282 9 110
363 388 282 9 110
356 389 282 9 110
357 389 282 9 110
358 389 282 9 110
359 389 282 9 110
360 389 282 9 110
361 389 282 9 110
362 389 282 9 110
363 389 282 9 110
356 390 282 9 110
357 390 282 9 110
358 390 282 9 102
359 390 282 9 102
360 390 282 9 102
361 390 282 9 102
362 390 282 9 110
363 390 282 9 110
356 391 282 9 110
357 391 282 9 110
358 391 282 9 102
359 391 282 9 102
360 391 282 9 102
361 391 282 9 102
362 391 282 9 110
363 391 282 9 110
356 392 282 9 110
357 392 282 9 110
358 392 282 9 102
359 392 282 9 102
360 392 282 9 102
361 392 282 9 102
362 392 282 9 110
363 392 282 9 110
356 393 282 9 110
357 393 282 9 110
358 393 282 9 102
359 393 282 9 102
360 393 282 9 102
361 393 282 9 102
362 393 282 9 110
363 393 282 9 110
356 394 282 9 110
357 394 282 9 110
358 394 282 9 110
359 394 282 9 110
360 394 282 9 110
361 394 282 9 110
362 394 282 9 110
363 394 282 9 110
356 395 282 9 110
357 395 282 9 110
358 395 282 9 110
359 395 282 9 110
360 395 282 9 110
361 395 282 9 110
362 395 282 9 110
363 395 282 9 110
356 388 283 9 110
357 388 283 9 110
358 388 283 9 110
359 388 283 9 110
360 388 283 9 110
361 388 283 9 110
362 388 283 9 110
363 388 283 9 110
356 389 283 9 110
357 389 283 9 110
358 389 283 9 110
359 389 283 9 110
360 389 283 9 110
361 389 283 9 110
362 389 283 9 110
363 389 283 9 110
356 390 283 9 110
357 390 283 9 110
358 390 283 9 102
359 390 283 9 102
360 390 283 9 102
361 390 283 9 102
362 390 283 9 110
363 390 283 9 110
356 391 283 9 110
357 391 283 9 110
358 391 283 9 102
359 391 283 9 102
360 391 283 9 102
361 391 283 9 102
362 391 283 9 110
363 391 283 9 110
356 392 283 9 110
357 392 283 9 110
358 392 283 9 102
359 392 283 9 102
360 392 283 9 102
361 392 283 9 102
362 392 283 9 110
363 392 283 9 110
356 393 283 9 110
357 393 283 9 110
358 393 283 9 102
359 393 283 9 102
360 393 283 9 102
361 393 283 9 102
362 393 283 9 110
363 393 283 9 110
356 394 283 9 110
357 394 283 9 110
358 394 283 9 110
359 394 283 9 110
360 394 283 9 110
361 394 283 9 110
362 394 283 9 110
363 394 283 9 110
356 395 283 9 110
357 395 283 9 110
358 395 283 9 110
359 395 283 9 110
360 395 283 9 110
361 395 283 9 110
362 395 283 9 110
363 395 283 9 110
356 388 284 9 110
357 388 284 9 110
358 388 284 9 110
359 388 284 9 110
360 388 284 9 110
361 388 284 9 110
362 388 284 9 110
363 388 284 9 110
356 389 284 9 110
357 389 284 9 110
358 389 284 9 110
359 389 284 9 110
360 389 284 9 110
361 389 284 9 110
362 389 284 9 110
363 389 284 9 110
356 390 284 9 110
357 390 284 9 110
358 390 284 9 102
359 390 284 9 102
360 390 284 9 102
361 390 284 9 102
362 390 284 9 110
363 390 284 9 110
356 391 284 9 110
357 391 284 9 110
358 391 284 9 102
359 391 284 9 102
360 391 284 9 102
361 391 284 9 102
362 391 284 9 110
363 391 284 9 110
356 392 284 9 110
357 392 284 9 110
358 392 284 9 102
359 392 284 9 102
360 392 284 9 102
361 392 284 9 102
362 392 284 9 110
363 392 284 9 110
356 393 284 9 110
357 393 284 9 110
358 393 284 9 102
359 393 284 9 102
360 393 284 9 102
361 393 284 9 102
362 393 284 9 110
363 393 284 9 110
356 394 284 9 110
357 394 284 9 110
358 394 284 9 110
359 394 284 9 110
360 394 284 9 110
361 394 284 9 110
362 394 284 9 110
363 394 284 9 110
356 395 284 9 110
357 395 284 9 110
358 395 284 9 110
359 395 284 9 110
360 395 284 9 110
361 395 284 9 110
362 395 284 9 110
363 395 284 9 110
356 388 285 9 110
357 388 285 9 110
358 388 285 9 110
359 388 285 9 110
360 388 285 9 110
361 388 285 9 110
362 388 285 9 110
363 388 285 9 110
356 389 285 9 110
357 389 285 9 110
358 389 285 9 110
359 389 285 9 110
360 389 285 9 110
361 389 285 9 110
362 389 285 9 110
363 389 285 9 110
356 390 285 9 110
357 390 285 9 110
358 390 285 9 102
359 390 285 9 102
360 390 285 9 102
361 390 285 9 102
362 390 285 9 110
363 390 285 9 110
356 391 285 9 110
357 391 285 9 110
358 391 285 9 102
359 391 285 9 102
360 391 285 9 102
361 391 285 9 102
362 391 285 9 110
363 391 285 9 110
356 392 285 9 110
357 392 285 9 110
358 392 285 9 102
359 392 285 9 102
360 392 285 9 102
361 392 285 9 102
362 392 285 9 110
363 392 285 9 110
356 393 285 9 110
357 393 285 9 110
358 393 285 9 102
359 393 285 9 102
360 393 285 9 102
361 393 285 9 102
362 393 285 9 110
363 393 285 9 110
356 394 285 9 110
357 394 285 9 110
358 394 285 9 110
359 394 285 9 110
360 394 285 9 110
361 394 285 9 110
362 394 285 9 110
363 394 285 9 110
356 395 285 9 110
357 395 285 9 110
358 395 285 9 110
359 395 285 9 110
360 395 285 9 110
361 395 285 9 110
362 395 285 9 110
363 395 285 9 110
356 388 286 9 110
357 388 286 9 110
358 388 286 9 110
359 388 286 9 110
360 388 286 9 110
361 388 286 9 110
362 388 286 9 110
363 388 286 9 110
356 389 286 9 110
357 389 286 9 110
358 389 286 9 110
359 389 286 9 110
360 389 286 9 110
361 389 286 9 110
362 389 286 9 110
363 389 286 9 110
356 390 286 9 110
357 390 286 9 110
358 390 286 9 102
359 390 286 9 102
360 390 286 9 102
361 390 286 9 102
362 390 286 9 110
363 390 286 9 110
356 391 286 9 110
357 391 286 9 110
358 391 286 9 102
359 391 286 9 102
360 391 286 9 102
361 391 286 9 102
362 391 286 9 110
363 391 286 9 110
356 392 286 9 110
357 392 286 9 110
358 392 286 9 102
359 392 286 9 102
360 392 286 9 102
361 392 286 9 102
362 392 286 9 110
363 392 286 9 110
356 393 286 9 110
357 393 286 9 110
358 393 286 9 102
359 393 286 9 102
360 393 286 9 102
361 393 286 9 102
362 393 286 9 110
363 393 286 9 110
356 394 286 9 110
357 394 286 9 110
358 394 286 9 110
359 394 286 9 110
360 394 286 9 110
361 394 286 9 110
362 394 286 9 110
363 394 286 9 110
356 395 286 9 110
357 395 286 9 110
358 395 286 9 110
359 395 286 9 110
360 395 286 9 110
361 395 286 9 110
362 395 286 9 110
363 395 286 9 110
356 388 287 9 110
357 388 287 9 110
358 388 287 9 110
359 388 287 9 110
360 388 287 9 110
361 388 287 9 110
362 388 287 9 110
363 388 287 9 110
356 389 287 9 110
357 389 287 9 110
358 389 287 9 110
359 389 287 9 110
360 389 287 9 110
361 389 287 9 110
362 389 287 9 110
363 389 287 9 110
356 390 287 9 110
357 390 287 9 110
358 390 287 9 102
359 390 287 9 102
360 390 287 9 102
361 390 287 9 102
362 390 287 9 110
363 390 287 9 110
356 391 287 9 110
357 391 287 9 110
358 391 287 9 102
359 391 287 9 102
360 391 287 9 102
361 391 287 9 102
362 391 287 9 110
363 391 287 9 110
356 392 287 9 110
357 392 287 9 110
358 392 287 9 102
359 392 287 9 102
360 392 287 9 102
361 392 287 9 102
362 392 287 9 110
363 392 287 9 110
356 393 287 9 110
357 393 287 9 110
358 393 287 9 102
359 393 287 9 102
360 393 287 9 102
361 393 287 9 102
362 393 287 9 110
363 393 287 9 110
356 394 287 9 110
357 394 287 9 110
358 394 287 9 110
359 394 287 9 110
360 394 287 9 110
361 394 287 9 110
362 394 287 9 110
363 394 287 9 110
356 395 287 9 110
357 395 287 9 110
358 395 287 9 110
359 395 287 9 110
360 395 287 9 110
361 395 287 9 110
362 395 287 9 110
363 395 287 9 110
356 388 288 9 110
357 388 288 9 110
358 388 288 9 110
359 388 288 9 110
360 388 288 9 110
361 388 288 9 110
362 388 288 9 110
363 388 288 9 110
356 389 288 9 110
357 389 288 9 110
358 389 288 9 110
359 389 288 9 110
360 389 288 9 110
361 389 288 9 110
362 389 288 9 110
363 389 288 9 110
356 390 288 9 110
357 390 288 9 110
358 390 288 9 102
359 390 288 9 102
360 390 288 9 102
361 390 288 9 102
362 390 288 9 110
363 390 288 9 110
356 391 288 9 110
357 391 288 9 110
358 391 288 9 102
359 391 288 9 102
360 391 288 9 102
361 391 288 9 102
362 391 288 9 110
363 391 288 9 110
356 392 288 9 110
357 392 288 9 110
358 392 288 9 102
359 392 288 9 102
360 392 288 9 102
361 392 288 9 102
362 392 288 9 110
363 392 288 9 110
356 393 288 9 110
357 393 288 9 110
358 393 288 9 102
359 393 288 9 102
360 393 288 9 102
361 393 288 9 102
362 393 288 9 110
363 393 288 9 110
356 394 288 9 110
357 394 288 9 110
358 394 288 9 110
359 394 288 9 110
360 394 288 9 110
361 394 288 9 110
362 394 288 9 110
363 394 288 9 110
356 395 288 9 110
357 395 288 9 110
358 395 288 9 110
359 395 288 9 110
360 395 288 9 110
361 395 288 9 110
362 395 288 9 110
363 395 288 9 110
356 388 289 9 110
357 388 289 9 110
358 388 289 9 110
359 388 289 9 110
360 388 289 9 110
361 388 289 9 110
362 388 289 9 110
363 388 289 9 110
356 389 289 9 110
357 389 289 9 110
358 389 289 9 110
359 389 289 9 110
360 389 289 9 110
361 389 289 9 110
362 389 289 9 110
363 389 289 9 110
356 390 289 9 110
357 390 289 9 110
358 390 289 9 102
359 390 289 9 102
360 390 289 9 102
361 390 289 9 102
362 390 289 9 110
363 390 289 9 110
356 391 289 9 110
357 391 289 9 110
358 391 289 9 102
359 391 289 9 102
360 391 289 9 102
361 391 289 9 102
362 391 289 9 110
363 391 289 9 110
356 392 289 9 110
357 392 289 9 110
358 392 289 9 102
359 392 289 9 102
360 392 289 9 102
361 392 289 9 102
362 392 289 9 110
363 392 289 9 110
356 393 289 9 110
357 393 289 9 110
358 393 289 9 102
359 393 289 9 102
360 393 289 9 102
361 393 289 9 102
362 393 289 9 110
363 393 289 9 110
356 394 289 9 110
357 394 289 9 110
358 394 289 9 110
359 394 289 9 110
360 394 289 9 110
361 394 289 9 110
362 394 289 9 110
363 394 289 9 110
356 395 289 9 110
357 395 289 9 110
358 395 289 9 110
359 395 289 9 110
360 395 289 9 110
361 395 289 9 110
362 395 289 9 110
363 395 289 9 110
356 388 290 9 110
357 388 290 9 110
358 388 290 9 110
359 388 290 9 110
360 388 290 9 110
361 388 290 9 110
362 388 290 9 110
363 388 290 9 110
356 389 290 9 110
357 389 290 9 110
358 389 290 9 110
359 389 290 9 110
360 389 290 9 110
361 389 290 9 110
362 389 290 9 110
363 389 290 9 110
356 390 290 9 110
357 390 290 9 110
358 390 290 9 102
359 390 290 9 102
360 390 290 9 102
361 390 290 9 102
362 390 290 9 110
363 390 290 9 110
356 391 290 9 110
357 391 290 9 110
358 391 290 9 102
359 391 290 9 102
360 391 290 9 102
361 391 290 9 102
362 391 290 9 110
363 391 290 9 110
356 392 290 9 110
357 392 290 9 110
358 392 290 9 102
359 392 290 9 102
360 392 290 9 102
361 392 290 9 102
362 392 290 9 110
363 392 290 9 110
356 393 290 9 110
357 393 290 9 110
358 393 290 9 102
359 393 290 9 102
360 393 290 9 102
361 393 290 9 102
362 393 290 9 110
363 393 290 9 110
356 394 290 9 110
357 394 290 9 110
358 394 290 9 110
359 394 290 9 110
360 394 290 9 110
361 394 290 9 110
362 394 290 9 110
363 394 290 9 110
356 395 290 9 110
357 395 290 9 110
358 395 290 9 110
359 395 290 9 110
360 395 290 9 110
361 395 290 9 110
362 395 290 9 110
363 395 290 9 110
356 388 291 9 110
357 388 291 9 110
358 388 291 9 110
359 388 291 9 110
360 388 291 9 110
361 388 291 9 110
362 388 291 9 110
363 388 291 9 110
356 389 291 9 110
357 389 291 9 110
358 389 291 9 110
359 389 291 9 110
360 389 291 9 110
361 389 291 9 110
362 389 291 9 110
363 389 291 9 110
356 390 291 9 110
357 390 291 9 110
358 390 291 9 102
359 390 291 9 102
360 390 291 9 102
361 390 291 9 102
362 390 291 9 110
363 390 291 9 110
356 391 291 9 110
357 391 291 9 110
358 391 291 9 102
359 391 291 9 102
360 391 291 9 102
361 391 291 9 102
362 391 291 9 110
363 391 291 9 110
356 392 291 9 110
357 392 291 9 110
358 392 291 9 102
359 392 291 9 102
360 392 291 9 102
361 392 291 9 102
362 392 291 9 110
363 392 291 9 110
356 393 291 9 110
357 393 291 9 110
358 393 291 9 102
359 393 291 9 102
360 393 291 9 102
361 393 291 9 102
362 393 291 9 110
363 393 291 9 110
356 394 291 9 110
357 394 291 9 110
358 394 291 9 110
359 394 291 9 110
360 394 291 9 110
361 394 291 9 110
362 394 291 9 110
363 394 291 9 110
356 395 291 9 110
357 395 291 9 110
358 395 291 9 110
359 395 291 9 110
360 395 291 9 110
361 395 291 9 110
362 395 291 9 110
363 395 291 9 110
356 388 292 9 110
357 388 292 9 110
358 388 292 9 110
359 388 292 9 110
360 388 292 9 110
361 388 292 9 110
362 388 292 9 110
363 388 292 9 110
356 389 292 9 110
357 389 292 9 110
358 389 292 9 110
359 389 292 9 110
360 389 292 9 110
361 389 292 9 110
362 389 292 9 110
363 389 292 9 110
356 390 292 9 110
357 390 292 9 110
358 390 292 9 102
359 390 292 9 102
360 390 292 9 102
361 390 292 9 102
362 390 292 9 110
363 390 292 9 110
356 391 292 9 110
357 391 292 9 110
358 391 292 9 102
359 391 292 9 102
360 391 292 9 102
361 391 292 9 102
362 391 292 9 110
363 391 292 9 110
356 392 292 9 110
357 392 292 9 110
358 392 292 9 102
359 392 292 9 102
360 392 292 9 102
361 392 292 9 102
362 392 292 9 110
363 392 292 9 110
356 393 292 9 110
357 393 292 9 110
358 393 292 9 102
359 393 292 9 102
360 393 292 9 102
361 393 292 9 102
362 393 292 9 110
363 393 292 9 110
356 394 292 9 110
357 394 292 9 110
358 394 292 9 110
359 394 292 9 110
360 394 292 9 110
361 394 292 9 110
362 394 292 9 110
363 394 292 9 110
356 395 292 9 110
357 395 292 9 110
358 395 292 9 110
359 395 292 9 110
360 395 292 9 110
361 395 292 9 110
362 395 292 9 110
363 395 292 9 110
356 388 293 9 110
357 388 293 9 110
358 388 293 9 110
359 388 293 9 110
360 388 293 9 110
361 388 293 9 110
362 388 293 9 110
363 388 293 9 110
356 389 293 9 110
357 389 293 9 110
358 389 293 9 110
359 389 293 9 110
360 389 293 9 110
361 389 293 9 110
362 389 293 9 110
363 389 293 9 110
356 390 293 9 110
357 390 293 9 110
358 390 293 9 102
359 390 293 9 102
360 390 293 9 102
361 390 293 9 102
362 390 293 9 110
363 390 293 9 110
356 391 293 9 110
357 391 293 9 110
358 391 293 9 102
359 391 293 9 102
360 391 293 9 102
361 391 293 9 102
362 391 293 9 110
363 391 293 9 110
356 392 293 9 110
357 392 293 9 110
358 392 293 9 102
359 392 293 9 102
360 392 293 9 102
361 392 293 9 102
362 392 293 9 110
363 392 293 9 110
356 393 293 9 110
357 393 293 9 110
358 393 293 9 102
359 393 293 9 102
360 393 293 9 102
361 393 293 9 102
362 393 293 9 110
363 393 293 9 110
356 394 293 9 110
357 394 293 9 110
358 394 293 9 110
359 394 293 9 110
360 394 293 9 110
361 394 293 9 110
362 394 293 9 110
363 394 293 9 110
356 395 293 9 110
357 395 293 9 110
358 395 293 9 110
359 395 293 9 110
360 395 293 9 110
361 395 293 9 110
362 395 293 9 110
363 395 293 9 110
356 388 294 9 110
357 388 294 9 110
358 388 294 9 110
359 388 294 9 110
360 388 294 9 110
361 388 294 9 110
362 388 294 9 110
363 388 294 9 110
356 389 294 9 110
357 389 294 9 110
358 389 294 9 110
359 389 294 9 110
360 389 294 9 110
361 389 294 9 110
362 389 294 9 110
363 389 294 9 110
356 390 294 9 110
357 390 294 9 110
358 390 294 9 102
359 390 294 9 102
360 390 294 9 102
361 390 294 9 102
362 390 294 9 110
363 390 294 9 110
356 391 294 9 110
357 391 294 9 110
358 391 294 9 102
359 391 294 9 102
360 391 294 9 102
361 391 294 9 102
362 391 294 9 110
363 391 294 9 110
356 392 294 9 110
357 392 294 9 110
358 392 294 9 102
359 392 294 9 102
360 392 294 9 102
361 392 294 9 102
362 392 294 9 110
363 392 294 9 110
356 393 294 9 110
357 393 294 9 110
358 393 294 9 102
359 393 294 9 102
360 393 294 9 102
361 393 294 9 102
362 393 294 9 110
363 393 294 9 110
356 394 294 9 110
357 394 294 9 110
358 394 294 9 110
359 394 294 9 110
360 394 294 9 110
361 394 294 9 110
362 394 294 9 110
363 394 294 9 110
356 395 294 9 110
357 395 294 9 110
358 395 294 9 110
359 395 294 9 110
360 395 294 9 110
361 395 294 9 110
362 395 294 9 110
363 395 294 9 110
356 388 295 9 110
357 388 295 9 110
358 388 295 9 110
359 388 295 9 110
360 388 295 9 110
361 388 295 9 110
362 388 295 9 110
363 388 295 9 110
356 389 295 9 110
357 389 295 9 110
358 389 295 9 110
359 389 295 9 110
360 389 295 9 110
361 389 295 9 110
362 389 295 9 110
363 389 295 9 110
356 390 295 9 110
357 390 295 9 110
358 390 295 9 102
359 390 295 9 102
360 390 295 9 102
361 390 295 9 102
362 390 295 9 110
363 390 295 9 110
356 391 295 9 110
357 391 295 9 110
358 391 295 9 102
359 391 295 9 102
360 391 295 9 102
361 391 295 9 102
362 391 295 9 110
363 391 295 9 110
356 392 295 9 110
357 392 295 9 110
358 392 295 9 102
359 392 295 9 102
360 392 295 9 102
361 392 295 9 102
362 392 295 9 110
363 392 295 9 110
356 393 295 9 110
357 393 295 9 110
358 393 295 9 102
359 393 295 9 102
360 393 295 9 102
361 393 295 9 102
362 393 295 9 110
363 393 295 9 110
356 394 295 9 110
357 394 295 9 110
358 394 295 9 110
359 394 295 9 110
360 394 295 9 110
361 394 295 9 110
362 394 295 9 110
363 394 295 9 110
356 395 295 9 110
357 395 295 9 110
358 395 295 9 110
359 395 295 9 110
360 395 295 9 110
361 395 295 9 110
362 395 295 9 110
363 395 295 9 110
356 388 296 9 110
357 388 296 9 110
358 388 296 9 110
359 388 296 9 110
360 388 296 9 110
361 388 296 9 110
362 388 296 9 110
363 388 296 9 110
356 389 296 9 110
357 389 296 9 110
358 389 296 9 110
359 389 296 9 110
360 389 296 9 110
361 389 296 9 110
362 389 296 9 110
363 389 296 9 110
356 390 296 9 110
357 390 296 9 110
358 390 296 9 102
359 390 296 9 102
360 390 296 9 102
361 390 296 9 102
362 390 296 9 110
363 390 296 9 110
356 391 296 9 110
357 391 296 9 110
358 391 296 9 102
359 391 296 9 102
360 391 296 9 102
361 391 296 9 102
362 391 296 9 110
363 391 296 9 110
356 392 296 9 110
357 392 296 9 110
358 392 296 9 102
359 392 296 9 102
360 392 296 9 102
361 392 296 9 102
362 392 296 9 110
363 392 296 9 110
356 393 296 9 110
357 393 296 9 110
358 393 296 9 102
359 393 296 9 102
360 393 296 9 102
361 393 296 9 102
362 393 296 9 110
363 393 296 9 110
356 394 296 9 110
357 394 296 9 110
358 394 296 9 110
359 394 296 9 110
360 394 296 9 110
361 394 296 9 110
362 394 296 9 110
363 394 296 9 110
356 395 296 9 110
357 395 296 9 110
358 395 296 9 110
359 395 296 9 110
360 395 296 9 110
361 395 296 9 110
362 395 296 9 110
363 395 296 9 110
356 388 297 9 110
357 388 297 9 110
358 388 297 9 110
359 388 297 9 110
360 388 297 9 110
361 388 297 9 110
362 388 297 9 110
363 388 297 9 110
356 389 297 9 110
357 389 297 9 110
358 389 297 9 110
359 389 297 9 110
360 389 297 9 110
361 389 297 9 110
362 389 297 9 110
363 389 297 9 110
356 390 297 9 110
357 390 297 9 110
358 390 297 9 102
359 390 297 9 102
360 390 297 9 102
361 390 297 9 102
362 390 297 9 110
363 390 297 9 110
356 391 297 9 110
357 391 297 9 110
358 391 297 9 102
359 391 297 9 102
360 391 297 9 102
361 391 297 9 102
362 391 297 9 110
363 391 297 9 110
356 392 297 9 110
357 392 297 9 110
358 392 297 9 102
359 392 297 9 102
360 392 297 9 102
361 392 297 9 102
362 392 297 9 110
363 392 297 9 110
356 393 297 9 110
357 393 297 9 110
358 393 297 9 102
359 393 297 9 102
360 393 297 9 102
361 393 297 9 102
362 393 297 9 110
363 393 297 9 110
356 394 297 9 110
357 394 297 9 110
358 394 297 9 110
359 394 297 9 110
360 394 297 9 110
361 394 297 9 110
362 394 297 9 110
363 394 297 9 110
356 395 297 9 110
357 395 297 9 110
358 395 297 9 110
359 395 297 9 110
360 395 297 9 110
361 395 297 9 110
362 395 297 9 110
363 395 297 9 110
356 388 298 9 110
357 388 298 9 110
358 388 298 9 110
359 388 298 9 110
360 388 298 9 110
361 388 298 9 110
362 388 298 9 110
363 388 298 9 110
356 389 298 9 110
357 389 298 9 110
358 389 298 9 110
359 389 298 9 110
360 389 298 9 110
361 389 298 9 110
362 389 298 9 110
363 389 298 9 110
356 390 298 9 110
357 390 298 9 110
358 390 298 9 102
359 390 298 9 102
360 390 298 9 102
361 390 298 9 102
362 390 298 9 110
363 390 298 9 110
356 391 298 9 110
357 391 298 9 110
358 391 298 9 102
359 391 298 9 102
360 391 298 9 102
361 391 298 9 102
362 391 298 9 110
363 391 298 9 110
356 392 298 9 110
357 392 298 9 110
358 392 298 9 102
359 392 298 9 102
360 392 298 9 102
361 392 298 9 102
362 392 298 9 110
363 392 298 9 110
356 393 298 9 110
357 393 298 9 110
358 393 298 9 102
359 393 298 9 102
360 393 298 9 102
361 393 298 9 102
362 393 298 9 110
363 393 298 9 110
356 394 298 9 110
357 394 298 9 110
358 394 298 9 110
359 394 298 9 110
360 394 298 9 110
361 394 298 9 110
362 394 298 9 110
363 394 298 9 110
356 395 298 9 110
357 395 298 9 110
358 395 298 9 110
359 395 298 9 110
360 395 298 9 110
361 395 298 9 110
362 395 298 9 110
363 395 298 9 110
356 388 299 9 110
357 388 299 9 110
358 388 299 9 110
359 388 299 9 110
360 388 299 9 110
361 388 299 9 110
362 388 299 9 110
363 388 299 9 110
356 389 299 9 110
357 389 299 9 110
358 389 299 9 110
359 389 299 9 110
360 389 299 9 110
361 389 299 9 110
362 389 299 9 110
363 389 299 9 110
356 390 299 9 110
357 390 299 9 110
358 390 299 9 102
359 390 299 9 102
360 390 299 9 102
361 390 299 9 102
362 390 299 9 110
363 390 299 9 110
356 391 299 9 110
357 391 299 9 110
358 391 299 9 102
359 391 299 9 102
360 391 299 9 102
361 391 299 9 102
362 391 299 9 110
363 391 299 9 110
356 392 299 9 110
357 392 299 9 110
358 392 299 9 102
359 392 299 9 102
360 392 299 9 102
361 392 299 9 102
362 392 299 9 110
363 392 299 9 110
356 393 299 9 110
357 393 299 9 110
358 393 299 9 102
359 393 299 9 102
360 393 299 9 102
361 393 299 9 102
362 393 299 9 110
363 393 299 9 110
356 394 299 9 110
357 394 299 9 110
358 394 299 9 110
359 394 299 9 110
360 394 299 9 110
361 394 299 9 110
362 394 299 9 110
363 394 299 9 110
356 395 299 9 110
357 395 299 9 110
358 395 299 9 110
359 395 299 9 110
360 395 299 9 110
361 395 299 9 110
362 395 299 9 110
363 395 299 9 110
356 388 300 9 110
357 388 300 9 110
358 388 300 9 110
359 388 300 9 110
360 388 300 9 110
361 388 300 9 110
362 388 300 9 110
363 388 300 9 110
356 389 300 9 110
357 389 300 9 110
358 389 300 9 110
359 389 300 9 110
360 389 300 9 110
361 389 300 9 110
362 389 300 9 110
363 389 300 9 110
356 390 300 9 110
357 390 300 9 110
358 390 300 9 102
359 390 300 9 102
360 390 300 9 102
361 390 300 9 102
362 390 300 9 110
363 390 300 9 110
356 391 300 9 110
357 391 300 9 110
358 391 300 9 102
359 391 300 9 102
360 391 300 9 102
361 391 300 9 102
362 391 300 9 110
363 391 300 9 110
356 392 300 9 110
357 392 300 9 110
358 392 300 9 102
359 392 300 9 102
360 392 300 9 102
361 392 300 9 102
362 392 300 9 110
363 392 300 9 110
356 393 300 9 110
357 393 300 9 110
358 393 300 9 102
359 393 300 9 102
360 393 300 9 102
361 393 300 9 102
362 393 300 9 110
363 393 300 9 110
356 394 300 9 110
357 394 300 9 110
358 394 300 9 110
359 394 300 9 110
360 394 300 9 110
361 394 300 9 110
362 394 300 9 110
363 394 300 9 110
356 395 300 9 110
357 395 300 9 110
358 395 300 9 110
359 395 300 9 110
360 395 300 9 110
361 395 300 9 110
362 395 300 9 110
363 395 300 9 110
356 388 301 9 110
357 388 301 9 110
358 388 301 9 110
359 388 301 9 110
360 388 301 9 110
361 388 301 9 110
362 388 301 9 110
363 388 301 9 110
356 389 301 9 110
357 389 301 9 110
358 389 301 9 110
359 389 301 9 110
360 389 301 9 110
361 389 301 9 110
362 389 301 9 110
363 389 301 9 110
356 390 301 9 110
357 390 301 9 110
358 390 301 9 102
359 390 301 9 102
360 390 301 9 102
361 390 301 9 102
362 390 301 9 110
363 390 301 9 110
356 391 301 9 110
357 391 301 9 110
358 391 301 9 102
359 391 301 9 102
360 391 301 9 102
361 391 301 9 102
362 391 301 9 110
363 391 301 9 110
356 392 301 9 110
357 392 301 9 110
358 392 301 9 102
359 392 301 9 102
360 392 301 9 102
361 392 301 9 102
362 392 301 9 110
363 392 301 9 110
356 393 301 9 110
357 393 301 9 110
358 393 301 9 102
359 393 301 9 102
360 393 301 9 102
361 393 301 9 102
362 393 301 9 110
363 393 301 9 110
356 394 301 9 110
357 394 301 9 110
358 394 301 9 110
359 394 301 9 110
360 394 301 9 110
361 394 301 9 110
362 394 301 9 110
363 394 301 9 110
356 395 301 9 110
357 395 301 9 110
358 395 301 9 110
359 395 301 9 110
360 395 301 9 110
361 395 301 9 110
362 395 301 9 110
363 395 301 9 110
356 388 302 9 110
357 388 302 9 110
358 388 302 9 110
359 388 302 9 110
360 388 302 9 110
361 388 302 9 110
362 388 302 9 110
363 388 302 9 110
356 389 302 9 110
357 389 302 9 110
358 389 302 9 110
359 389 302 9 110
360 389 302 9 110
361 389 302 9 110
362 389 302 9 110
363 389 302 9 110
356 390 302 9 110
357 390 302 9 110
358 390 302 9 102
359 390 302 9 102
360 390 302 9 102
361 390 302 9 102
362 390 302 9 110
363 390 302 9 110
356 391 302 9 110
357 391 302 9 110
358 391 302 9 102
359 391 302 9 102
360 391 302 9 102
361 391 302 9 102
362 391 302 9 110
363 391 302 9 110
356 392 302 9 110
357 392 302 9 110
358 392 302 9 102
359 392 302 9 102
360 392 302 9 102
361 392 302 9 102
362 392 302 9 110
363 392 302 9 110
356 393 302 9 110
357 393 302 9 110
358 393 302 9 102
359 393 302 9 102
360 393 302 9 102
361 393 302 9 102
362 393 302 9 110
363 393 302 9 110
356 394 302 9 110
357 394 302 9 110
358 394 302 9 110
359 394 302 9 110
360 394 302 9 110
361 394 302 9 110
362 394 302 9 110
363 394 302 9 110
356 395 302 9 110
357 395 302 9 110
358 395 302 9 110
359 395 302 9 110
360 395 302 9 110
361 395 302 9 110
362 395 302 9 110
363 395 302 9 110
356 388 303 9 110
357 388 303 9 110
358 388 303 9 110
359 388 303 9 110
360 388 303 9 110
361 388 303 9 110
362 388 303 9 110
363 388 303 9 110
356 389 303 9 110
357 389 303 9 110
358 389 303 9 110
359 389 303 9 110
360 389 303 9 110
361 389 303 9 110
362 389 303 9 110
363 389 303 9 110
356 390 303 9 110
357 390 303 9 110
358 390 303 9 102
359 390 303 9 102
360 390 303 9 102
361 390 303 9 102
362 390 303 9 110
363 390 303 9 110
356 391 303 9 110
357 391 303 9 110
358 391 303 9 102
359 391 303 9 102
360 391 303 9 102
361 391 303 9 102
362 391 303 9 110
363 391 303 9 110
356 392 303 9 110
357 392 303 9 110
358 392 303 9 102
359 392 303 9 102
360 392 303 9 102
361 392 303 9 102
362 392 303 9 110
363 392 303 9 110
356 393 303 9 110
357 393 303 9 110
358 393 303 9 102
359 393 303 9 102
360 393 303 9 102
361 393 303 9 102
362 393 303 9 110
363 393 303 9 110
356 394 303 9 110
357 394 303 9 110
358 394 303 9 110
359 394 303 9 110
360 394 303 9 110
361 394 303 9 110
362 394 303 9 110
363 394 303 9 110
356 395 303 9 110
357 395 303 9 110
358 395 303 9 110
359 395 303 9 110
360 395 303 9 110
361 395 303 9 110
362 395 303 9 110
363 395 303 9 110
356 388 304 9 110
357 388 304 9 110
358 388 304 9 110
359 388 304 9 110
360 388 304 9 110
361 388 304 9 110
362 388 304 9 110
363 388 304 9 110
356 389 304 9 110
357 389 304 9 110
358 389 304 9 110
359 389 304 9 110
360 389 304 9 110
361 389 304 9 110
362 389 304 9 110
363 389 304 9 110
356 390 304 9 110
357 390 304 9 110
358 390 304 9 102
359 390 304 9 102
360 390 304 9 102
361 390 304 9 102
362 390 304 9 110
363 390 304 9 110
356 391 304 9 110
357 391 304 9 110
358 391 304 9 102
359 391 304 9 102
360 391 304 9 102
361 391 304 9 102
362 391 304 9 110
363 391 304 9 110
356 392 304 9 110
357 392 304 9 110
358 392 304 9 102
359 392 304 9 102
360 392 304 9 102
361 392 304 9 102
362 392 304 9 110
363 392 304 9 110
356 393 304 9 110
357 393 304 9 110
358 393 304 9 102
359 393 304 9 102
360 393 304 9 102
361 393 304 9 102
362 393 304 9 110
363 393 304 9 110
356 394 304 9 110
357 394 304 9 110
358 394 304 9 110
359 394 304 9 110
360 394 304 9 110
361 394 304 9 110
362 394 304 9 110
363 394 304 9 110
356 395 304 9 110
357 395 304 9 110
358 395 304 9 110
359 395 304 9 110
360 395 304 9 110
361 395 304 9 110
362 395 304 9 110
363 395 304 9 110
356 388 305 9 110
357 388 305 9 110
358 388 305 9 110
359 388 305 9 110
360 388 305 9 110
361 388 305 9 110
362 388 305 9 110
363 388 305 9 110
356 389 305 9 110
357 389 305 9 110
358 389 305 9 110
359 389 305 9 110
360 389 305 9 110
361 389 305 9 110
362 389 305 9 110
363 389 305 9 110
356 390 305 9 110
357 390 305 9 110
358 390 305 9 102
359 390 305 9 102
360 390 305 9 102
361 390 305 9 102
362 390 305 9 110
363 390 305 9 110
356 391 305 9 110
357 391 305 9 110
358 391 305 9 102
359 391 305 9 102
360 391 305 9 102
361 391 305 9 102
362 391 305 9 110
363 391 305 9 110
356 392 305 9 110
357 392 305 9 110
358 392 305 9 102
359 392 305 9 102
360 392 305 9 102
361 392 305 9 102
362 392 305 9 110
363 392 305 9 110
356 393 305 9 110
357 393 305 9 110
358 393 305 9 102
359 393 305 9 102
360 393 305 9 102
361 393 305 9 102
362 393 305 9 110
363 393 305 9 110
356 394 305 9 110
357 394 305 9 110
358 394 305 9 110
359 394 305 9 110
360 394 305 9 110
361 394 305 9 110
362 394 305 9 110
363 394 305 9 110
356 395 305 9 110
357 395 305 9 110
358 395 305 9 110
359 395 305 9 110
360 395 305 9 110
361 395 305 9 110
362 395 305 9 110
363 395 305 9 110
356 388 306 9 110
357 388 306 9 110
358 388 306 9 110
359 388 306 9 110
360 388 306 9 110
361 388 306 9 110
362 388 306 9 110
363 388 306 9 110
356 389 306 9 110
357 389 306 9 110
358 389 306 9 110
359 389 306 9 110
360 389 306 9 110
361 389 306 9 110
362 389 306 9 110
363 389 306 9 110
356 390 306 9 110
357 390 306 9 110
358 390 306 9 102
359 390 306 9 102
360 390 306 9 102
361 390 306 9 102
362 390 306 9 110
363 390 306 9 110
356 391 306 9 110
357 391 306 9 110
358 391 306 9 102
359 391 306 9 102
360 391 306 9 102
361 391 306 9 102
362 391 306 9 110
363 391 306 9 110
356 392 306 9 110
357 392 306 9 110
358 392 306 9 102
359 392 306 9 102
360 392 306 9 102
361 392 306 9 102
362 392 306 9 110
363 392 306 9 110
356 393 306 9 110
357 393 306 9 110
358 393 306 9 102
359 393 306 9 102
360 393 306 9 102
361 393 306 9 102
362 393 306 9 110
363 393 306 9 110
356 394 306 9 110
357 394 306 9 110
358 394 306 9 110
359 394 306 9 110
360 394 306 9 110
361 394 306 9 110
362 394 306 9 110
363 394 306 9 110
356 395 306 9 110
357 395 306 9 110
358 395 306 9 110
359 395 306 9 110
360 395 306 9 110
361 395 306 9 110
362 395 306 9 110
363 395 306 9 110
356 388 307 9 110
357 388 307 9 110
358 388 307 9 110
359 388 307 9 110
360 388 307 9 110
361 388 307 9 110
362 388 307 9 110
363 388 307 9 110
356 389 307 9 110
357 389 307 9 110
358 389 307 9 110
359 389 307 9 110
360 389 307 9 110
361 389 307 9 110
362 389 307 9 110
363 389 307 9 110
356 390 307 9 110
357 390 307 9 110
358 390 307 9 102
359 390 307 9 102
360 390 307 9 102
361 390 307 9 102
362 390 307 9 110
363 390 307 9 110
356 391 307 9 110
357 391 307 9 110
358 391 307 9 102
359 391 307 9 102
360 391 307 9 102
361 391 307 9 102
362 391 307 9 110
363 391 307 9 110
356 392 307 9 110
357 392 307 9 110
358 392 307 9 102
359 392 307 9 102
360 392 307 9 102
361 392 307 9 102
362 392 307 9 110
363 392 307 9 110
356 393 307 9 110
357 393 307 9 110
358 393 307 9 102
359 393 307 9 102
360 393 307 9 102
361 393 307 9 102
362 393 307 9 110
363 393 307 9 110
356 394 307 9 110
357 394 307 9 110
358 394 307 9 110
359 394 307 9 110
360 394 307 9 110
361 394 307 9 110
362 394 307 9 110
363 394 307 9 110
356 395 307 9 110
357 395 307 9 110
358 395 307 9 110
359 395 307 9 110
360 395 307 9 110
361 395 307 9 110
362 395 307 9 110
363 395 307 9 110
356 388 308 9 110
357 388 308 9 110
358 388 308 9 110
359 388 308 9 110
360 388 308 9 110
361 388 308 9 110
362 388 308 9 110
363 388 308 9 110
356 389 308 9 110
357 389 308 9 110
358 389 308 9 110
359 389 308 9 110
360 389 308 9 110
361 389 308 9 110
362 389 308 9 110
363 389 308 9 110
356 390 308 9 110
357 390 308 9 110
358 390 308 9 102
359 390 308 9 102
360 390 308 9 102
361 390 308 9 102
362 390 308 9 110
363 390 308 9 110
356 391 308 9 110
357 391 308 9 110
358 391 308 9 102
359 391 308 9 102
360 391 308 9 102
361 391 308 9 102
362 391 308 9 110
363 391 308 9 110
356 392 308 9 110
357 392 308 9 110
358 392 308 9 102
359 392 308 9 102
360 392 308 9 102
361 392 308 9 102
362 392 308 9 110
363 392 308 9 110
356 393 308 9 110
357 393 308 9 110
358 393 308 9 102
359 393 308 9 102
360 393 308 9 102
361 393 308 9 102
362 393 308 9 110
363 393 308 9 110
356 394 308 9 110
357 394 308 9 110
358 394 308 9 110
359 394 308 9 110
360 394 308 9 110
361 394 308 9 110
362 394 308 9 110
363 394 308 9 110
356 395 308 9 110
357 395 308 9 110
358 395 308 9 110
359 395 308 9 110
360 395 308 9 110
361 395 308 9 110
362 395 308 9 110
363 395 308 9 110
356 388 309 9 110
357 388 309 9 110
358 388 309 9 110
359 388 309 9 110
360 388 309 9 110
361 388 309 9 110
362 388 309 9 110
363 388 309 9 110
356 389 309 9 110
357 389 309 9 110
358 389 309 9 110
359 389 309 9 110
360 389 309 9 110
361 389 309 9 110
362 389 309 9 110
363 389 309 9 110
356 390 309 9 110
357 390 309 9 110
358 390 309 9 102
359 390 309 9 102
360 390 309 9 102
361 390 309 9 102
362 390 309 9 110
363 390 309 9 110
356 391 309 9 110
357 391 309 9 110
358 391 309 9 102
359 391 309 9 102
360 391 309 9 102
361 391 309 9 102
362 391 309 9 110
363 391 309 9 110
356 392 309 9 110
357 392 309 9 110
358 392 309 9 102
359 392 309 9 102
360 392 309 9 102
361 392 309 9 102
362 392 309 9 110
363 392 309 9 110
356 393 309 9 110
357 393 309 9 110
358 393 309 9 102
359 393 309 9 102
360 393 309 9 102
361 393 309 9 102
362 393 309 9 110
363 393 309 9 110
356 394 309 9 110
357 394 309 9 110
358 394 309 9 110
359 394 309 9 110
360 394 309 9 110
361 394 309 9 110
362 394 309 9 110
363 394 309 9 110
356 395 309 9 110
357 395 309 9 110
358 395 309 9 110
359 395 309 9 110
360 395 309 9 110
361 395 309 9 110
362 395 309 9 110
363 395 309 9 110
356 388 310 9 110
357 388 310 9 110
358 388 310 9 110
359 388 310 9 110
360 388 310 9 110
361 388 310 9 110
362 388 310 9 110
363 388 310 9 110
356 389 310 9 110
357 389 310 9 110
358 389 310 9 110
359 389 310 9 110
360 389 310 9 110
361 389 310 9 110
362 389 310 9 110
363 389 310 9 110
356 390 310 9 110
357 390 310 9 110
358 390 310 9 102
359 390 310 9 102
360 390 310 9 102
361 390 310 9 102
362 390 310 9 110
363 390 310 9 110
356 391 310 9 110
357 391 310 9 110
358 391 310 9 102
359 391 310 9 102
360 391 310 9 102
361 391 310 9 102
362 391 310 9 110
363 391 310 9 110
356 392 310 9 110
357 392 310 9 110
358 392 310 9 102
359 392 310 9 102
360 392 310 9 102
361 392 310 9 102
362 392 310 9 110
363 392 310 9 110
356 393 310 9 110
357 393 310 9 110
358 393 310 9 102
359 393 310 9 102
360 393 310 9 102
361 393 310 9 102
362 393 310 9 110
363 393 310 9 110
356 394 310 9 110
357 394 310 9 110
358 394 310 9 110
359 394 310 9 110
360 394 310 9 110
361 394 310 9 110
362 394 310 9 110
363 394 310 9 110
356 395 310 9 110
357 395 310 9 110
358 395 310 9 110
359 395 310 9 110
360 395 310 9 110
361 395 310 9 110
362 395 310 9 110
363 395 310 9 110
356 388 311 9 110
357 388 311 9 110
358 388 311 9 110
359 388 311 9 110
360 388 311 9 110
361 388 311 9 110
362 388 311 9 110
363 388 311 9 110
356 389 311 9 110
357 389 311 9 110
358 389 311 9 110
359 389 311 9 110
360 389 311 9 110
361 389 311 9 110
362 389 311 9 110
363 389 311 9 110
356 390 311 9 110
357 390 311 9 110
358 390 311 9 102
359 390 311 9 102
360 390 311 9 102
361 390 311 9 102
362 390 311 9 110
363 390 311 9 110
356 391 311 9 110
357 391 311 9 110
358 391 311 9 102
359 391 311 9 102
360 391 311 9 102
361 391 311 9 102
362 391 311 9 110
363 391 311 9 110
356 392 311 9 110
357 392 311 9 110
358 392 311 9 102
359 392 311 9 102
360 392 311 9 102
361 392 311 9 102
362 392 311 9 110
363 392 311 9 110
356 393 311 9 110
357 393 311 9 110
358 393 311 9 102
359 393 311 9 102
360 393 311 9 102
361 393 311 9 102
362 393 311 9 110
363 393 311 9 110
356 394 311 9 110
357 394 311 9 110
358 394 311 9 110
359 394 311 9 110
360 394 311 9 110
361 394 311 9 110
362 394 311 9 110
363 394 311 9 110
356 395 311 9 110
357 395 311 9 110
358 395 311 9 110
359 395 311 9 110
360 395 311 9 110
361 395 311 9 110
362 395 311 9 110
363 395 311 9 110
356 388 312 9 110
357 388 312 9 110
358 388 312 9 110
359 388 312 9 110
360 388 312 9 110
361 388 312 9 110
362 388 312 9 110
363 388 312 9 110
356 389 312 9 110
357 389 312 9 110
358 389 312 9 110
359 389 312 9 110
360 389 312 9 110
361 389 312 9 110
362 389 312 9 110
363 389 312 9 110
356 390 312 9 110
357 390 312 9 110
358 390 312 9 102
359 390 312 9 102
360 390 312 9 102
361 390 312 9 102
362 390 312 9 110
363 390 312 9 110
356 391 312 9 110
357 391 312 9 110
358 391 312 9 102
359 391 312 9 102
360 391 312 9 102
361 391 312 9 102
362 391 312 9 110
363 391 312 9 110
356 392 312 9 110
357 392 312 9 110
358 392 312 9 102
359 392 312 9 102
360 392 312 9 102
361 392 312 9 102
362 392 312 9 110
363 392 312 9 110
356 393 312 9 110
357 393 312 9 110
358 393 312 9 102
359 393 312 9 102
360 393 312 9 102
361 393 312 9 102
362 393 312 9 110
363 393 312 9 110
356 394 312 9 110
357 394 312 9 110
358 394 312 9 110
359 394 312 9 110
360 394 312 9 110
361 394 312 9 110
362 394 312 9 110
363 394 312 9 110
356 395 312 9 110
357 395 312 9 110
358 395 312 9 110
359 395 312 9 110
360 395 312 9 110
361 395 312 9 110
362 395 312 9 110
363 395 312 9 110
356 388 313 9 110
357 388 313 9 110
358 388 313 9 110
359 388 313 9 110
360 388 313 9 110
361 388 313 9 110
362 388 313 9 110
363 388 313 9 110
356 389 313 9 110
357 389 313 9 110
358 389 313 9 110
359 389 313 9 110
360 389 313 9 110
361 389 313 9 110
362 389 313 9 110
363 389 313 9 110
356 390 313 9 110
357 390 313 9 110
358 390 313 9 102
359 390 313 9 102
360 390 313 9 102
361 390 313 9 102
362 390 313 9 110
363 390 313 9 110
356 391 313 9 110
357 391 313 9 110
358 391 313 9 102
359 391 313 9 102
360 391 313 9 102
361 391 313 9 102
362 391 313 9 110
363 391 313 9 110
356 392 313 9 110
357 392 313 9 110
358 392 313 9 102
359 392 313 9 102
360 392 313 9 102
361 392 313 9 102
362 392 313 9 110
363 392 313 9 110
356 393 313 9 110
357 393 313 9 110
358 393 313 9 102
359 393 313 9 102
360 393 313 9 102
361 393 313 9 102
362 393 313 9 110
363 393 313 9 110
356 394 313 9 110
357 394 313 9 110
358 394 313 9 110
359 394 313 9 110
360 394 313 9 110
361 394 313 9 110
362 394 313 9 110
363 394 313 9 110
356 395 313 9 110
357 395 313 9 110
358 395 313 9 110
359 395 313 9 110
360 395 313 9 110
361 395 313 9 110
362 395 313 9 110
363 395 313 9 110
356 388 314 9 110
357 388 314 9 110
358 388 314 9 110
359 388 314 9 110
360 388 314 9 110
361 388 314 9 110
362 388 314 9 110
363 388 314 9 110
356 389 314 9 110
357 389 314 9 110
358 389 314 9 110
359 389 314 9 110
360 389 314 9 110
361 389 314 9 110
362 389 314 9 110
363 389 314 9 110
356 390 314 9 110
357 390 314 9 110
358 390 314 9 102
359 390 314 9 102
360 390 314 9 102
361 390 314 9 102
362 390 314 9 110
363 390 314 9 110
356 391 314 9 110
357 391 314 9 110
358 391 314 9 102
359 391 314 9 102
360 391 314 9 102
361 391 314 9 102
362 391 314 9 110
363 391 314 9 110
356 392 314 9 110
357 392 314 9 110
358 392 314 9 102
359 392 314 9 102
360 392 314 9 102
361 392 314 9 102
362 392 314 9 110
363 392 314 9 110
356 393 314 9 110
357 393 314 9 110
358 393 314 9 102
359 393 314 9 102
360 393 314 9 102
361 393 314 9 102
362 393 314 9 110
363 393 314 9 110
356 394 314 9 110
357 394 314 9 110
358 394 314 9 110
359 394 314 9 110
360 394 314 9 110
361 394 314 9 110
362 394 314 9 110
363 394 314 9 110
356 395 314 9 110
357 395 314 9 110
358 395 314 9 110
359 395 314 9 110
360 395 314 9 110
361 395 314 9 110
362 395 314 9 110
363 395 314 9 110
356 388 315 9 110
357 388 315 9 110
358 388 315 9 110
359 388 315 9 110
360 388 315 9 110
361 388 315 9 110
362 388 315 9 110
363 388 315 9 110
356 389 315 9 110
357 389 315 9 110
358 389 315 9 110
359 389 315 9 110
360 389 315 9 110
361 389 315 9 110
362 389 315 9 110
363 389 315 9 110
356 390 315 9 110
357 390 315 9 110
358 390 315 9 102
359 390 315 9 102
360 390 315 9 102
361 390 315 9 102
362 390 315 9 110
363 390 315 9 110
356 391 315 9 110
357 391 315 9 110
358 391 315 9 102
359 391 315 9 102
360 391 315 9 102
361 391 315 9 102
362 391 315 9 110
363 391 315 9 110
356 392 315 9 110
357 392 315 9 110
358 392 315 9 102
359 392 315 9 102
360 392 315 9 102
361 392 315 9 102
362 392 315 9 110
363 392 315 9 110
356 393 315 9 110
357 393 315 9 110
358 393 315 9 102
359 393 315 9 102
360 393 315 9 102
361 393 315 9 102
362 393 315 9 110
363 393 315 9 110
356 394 315 9 110
357 394 315 9 110
358 394 315 9 110
359 394 315 9 110
360 394 315 9 110
361 394 315 9 110
362 394 315 9 110
363 394 315 9 110
356 395 315 9 110
357 395 315 9 110
358 395 315 9 110
359 395 315 9 110
360 395 315 9 110
361 395 315 9 110
362 395 315 9 110
363 395 315 9 110
356 388 316 9 110
357 388 316 9 110
358 388 316 9 110
359 388 316 9 110
360 388 316 9 110
361 388 316 9 110
362 388 316 9 110
363 388 316 9 110
356 389 316 9 110
357 389 316 9 110
358 389 316 9 110
359 389 316 9 110
360 389 316 9 110
361 389 316 9 110
362 389 316 9 110
363 389 316 9 110
356 390 316 9 110
357 390 316 9 110
358 390 316 9 102
359 390 316 9 102
360 390 316 9 102
361 390 316 9 102
362 390 316 9 110
363 390 316 9 110
356 391 316 9 110
357 391 316 9 110
358 391 316 9 102
359 391 316 9 102
360 391 316 9 102
361 391 316 9 102
362 391 316 9 110
363 391 316 9 110
356 392 316 9 110
357 392 316 9 110
358 392 316 9 102
359 392 316 9 102
360 392 316 9 102
361 392 316 9 102
362 392 316 9 110
363 392 316 9 110
356 393 316 9 110
357 393 316 9 110
358 393 316 9 102
359 393 316 9 102
360 393 316 9 102
361 393 316 9 102
362 393 316 9 110
363 393 316 9 110
356 394 316 9 110
357 394 316 9 110
358 394 316 9 110
359 394 316 9 110
360 394 316 9 110
361 394 316 9 110
362 394 316 9 110
363 394 316 9 110
356 395 316 9 110
357 395 316 9 110
358 395 316 9 110
359 395 316 9 110
360 395 316 9 110
361 395 316 9 110
362 395 316 9 110
363 395 316 9 110
356 388 317 9 110
357 388 317 9 110
358 388 317 9 110
359 388 317 9 110
360 388 317 9 110
361 388 317 9 110
362 388 317 9 110
363 388 317 9 110
356 389 317 9 110
357 389 317 9 110
358 389 317 9 110
359 389 317 9 110
360 389 317 9 110
361 389 317 9 110
362 389 317 9 110
363 389 317 9 110
356 390 317 9 110
357 390 317 9 110
358 390 317 9 102
359 390 317 9 102
360 390 317 9 102
361 390 317 9 102
362 390 317 9 110
363 390 317 9 110
356 391 317 9 110
357 391 317 9 110
358 391 317 9 102
359 391 317 9 102
360 391 317 9 102
361 391 317 9 102
362 391 317 9 110
363 391 317 9 110
356 392 317 9 110
357 392 317 9 110
358 392 317 9 102
359 392 317 9 102
360 392 317 9 102
361 392 317 9 102
362 392 317 9 110
363 392 317 9 110
356 393 317 9 110
357 393 317 9 110
358 393 317 9 102
359 393 317 9 102
360 393 317 9 102
361 393 317 9 102
362 393 317 9 110
363 393 317 9 110
356 394 317 9 110
357 394 317 9 110
358 394 317 9 110
359 394 317 9 110
360 394 317 9 110
361 394 317 9 110
362 394 317 9 110
363 394 317 9 110
356 395 317 9 110
357 395 317 9 110
358 395 317 9 110
359 395 317 9 110
360 395 317 9 110
361 395 317 9 110
362 395 317 9 110
363 395 317 9 110
356 388 318 9 110
357 388 318 9 110
358 388 318 9 110
359 388 318 9 110
360 388 318 9 110
361 388 318 9 110
362 388 318 9 110
363 388 318 9 110
356 389 318 9 110
357 389 318 9 110
358 389 318 9 110
359 389 318 9 110
360 389 318 9 110
361 389 318 9 110
362 389 318 9 110
363 389 318 9 110
356 390 318 9 110
357 390 318 9 110
358 390 318 9 102
359 390 318 9 102
360 390 318 9 102
361 390 318 9 102
362 390 318 9 110
363 390 318 9 110
356 391 318 9 110
357 391 318 9 110
358 391 318 9 102
359 391 318 9 102
360 391 318 9 102
361 391 318 9 102
362 391 318 9 110
363 391 318 9 110
356 392 318 9 110
357 392 318 9 110
358 392 318 9 102
359 392 318 9 102
360 392 318 9 102
361 392 318 9 102
362 392 318 9 110
363 392 318 9 110
356 393 318 9 110
357 393 318 9 110
358 393 318 9 102
359 393 318 9 102
360 393 318 9 102
361 393 318 9 102
362 393 318 9 110
363 393 318 9 110
356 394 318 9 110
357 394 318 9 110
358 394 318 9 110
359 394 318 9 110
360 394 318 9 110
361 394 318 9 110
362 394 318 9 110
363 394 318 9 110
356 395 318 9 110
357 395 318 9 110
358 395 318 9 110
359 395 318 9 110
360 395 318 9 110
361 395 318 9 110
362 395 318 9 110
363 395 318 9 110
356 388 319 9 110
357 388 319 9 110
358 388 319 9 110
359 388 319 9 110
360 388 319 9 110
361 388 319 9 110
362 388 319 9 110
363 388 319 9 110
356 389 319 9 110
357 389 319 9 110
358 389 319 9 110
359 389 319 9 110
360 389 319 9 110
361 389 319 9 110
362 389 319 9 110
363 389 319 9 110
356 390 319 9 110
357 390 319 9 110
358 390 319 9 102
359 390 319 9 102
360 390 319 9 102
361 390 319 9 102
362 390 319 9 110
363 390 319 9 110
356 391 319 9 110
357 391 319 9 110
358 391 319 9 102
359 391 319 9 102
360 391 319 9 102
361 391 319 9 102
362 391 319 9 110
363 391 319 9 110
356 392 319 9 110
357 392 319 9 110
358 392 319 9 102
359 392 319 9 102
360 392 319 9 102
361 392 319 9 102
362 392 319 9 110
363 392 319 9 110
356 393 319 9 110
357 393 319 9 110
358 393 319 9 102
359 393 319 9 102
360 393 319 9 102
361 393 319 9 102
362 393 319 9 110
363 393 319 9 110
356 394 319 9 110
357 394 319 9 110
358 394 319 9 110
359 394 319 9 110
360 394 319 9 110
361 394 319 9 110
362 394 319 9 110
363 394 319 9 110
356 395 319 9 110
357 395 319 9 110
358 395 319 9 110
359 395 319 9 110
360 395 319 9 110
361 395 319 9 110
362 395 319 9 110
363 395 319 9 110
356 388 320 9 110
357 388 320 9 110
358 388 320 9 110
359 388 320 9 110
360 388 320 9 110
361 388 320 9 110
362 388 320 9 110
363 388 320 9 110
356 389 320 9 110
357 389 320 9 110
358 389 320 9 110
359 389 320 9 110
360 389 320 9 110
361 389 320 9 110
362 389 320 9 110
363 389 320 9 110
356 390 320 9 110
357 390 320 9 110
358 390 320 9 102
359 390 320 9 102
360 390 320 9 102
361 390 320 9 102
362 390 320 9 110
363 390 320 9 110
356 391 320 9 110
357 391 320 9 110
358 391 320 9 102
359 391 320 9 102
360 391 320 9 102
361 391 320 9 102
362 391 320 9 110
363 391 320 9 110
356 392 320 9 110
357 392 320 9 110
358 392 320 9 102
359 392 320 9 102
360 392 320 9 102
361 392 320 9 102
362 392 320 9 110
363 392 320 9 110
356 393 320 9 110
357 393 320 9 110
358 393 320 9 102
359 393 320 9 102
360 393 320 9 102
361 393 320 9 102
362 393 320 9 110
363 393 320 9 110
356 394 320 9 110
357 394 320 9 110
358 394 320 9 110
359 394 320 9 110
360 394 320 9 110
361 394 320 9 110
362 394 320 9 110
363 394 320 9 110
356 395 320 9 110
357 395 320 9 110
358 395 320 9 110
359 395 320 9 110
360 395 320 9 110
361 395 320 9 110
362 395 320 9 110
363 395 320 9 110
356 388 321 9 110
357 388 321 9 110
358 388 321 9 110
359 388 321 9 110
360 388 321 9 110
361 388 321 9 110
362 388 321 9 110
363 388 321 9 110
356 389 321 9 110
357 389 321 9 110
358 389 321 9 110
359 389 321 9 110
360 389 321 9 110
361 389 321 9 110
362 389 321 9 110
363 389 321 9 110
356 390 321 9 110
357 390 321 9 110
358 390 321 9 102
359 390 321 9 102
360 390 321 9 102
361 390 321 9 102
362 390 321 9 110
363 390 321 9 110
356 391 321 9 110
357 391 321 9 110
358 391 321 9 102
359 391 321 9 102
360 391 321 9 102
361 391 321 9 102
362 391 321 9 110
363 391 321 9 110
356 392 321 9 110
357 392 321 9 110
358 392 321 9 102
359 392 321 9 102
360 392 321 9 102
361 392 321 9 102
362 392 321 9 110
363 392 321 9 110
356 393 321 9 110
357 393 321 9 110
358 393 321 9 102
359 393 321 9 102
360 393 321 9 102
361 393 321 9 102
362 393 321 9 110
363 393 321 9 110
356 394 321 9 110
357 394 321 9 110
358 394 321 9 110
359 394 321 9 110
360 394 321 9 110
361 394 321 9 110
362 394 321 9 110
363 394 321 9 110
356 395 321 9 110
357 395 321 9 110
358 395 321 9 110
359 395 321 9 110
360 395 321 9 110
361 395 321 9 110
362 395 321 9 110
363 395 321 9 110
356 388 322 9 110
357 388 322 9 110
358 388 322 9 110
359 388 322 9 110
360 388 322 9 110
361 388 322 9 110
362 388 322 9 110
363 388 322 9 110
356 389 322 9 110
357 389 322 9 110
358 389 322 9 110
359 389 322 9 110
360 389 322 9 110
361 389 322 9 110
362 389 322 9 110
363 389 322 9 110
356 390 322 9 110
357 390 322 9 110
358 390 322 9 102
359 390 322 9 102
360 390 322 9 102
361 390 322 9 102
362 390 322 9 110
363 390 322 9 110
356 391 322 9 110
357 391 322 9 110
358 391 322 9 102
359 391 322 9 102
360 391 322 9 102
361 391 322 9 102
362 391 322 9 110
363 391 322 9 110
356 392 322 9 110
357 392 322 9 110
358 392 322 9 102
359 392 322 9 102
360 392 322 9 102
361 392 322 9 102
362 392 322 9 110
363 392 322 9 110
356 393 322 9 110
357 393 322 9 110
358 393 322 9 102
359 393 322 9 102
360 393 322 9 102
361 393 322 9 102
362 393 322 9 110
363 393 322 9 110
356 394 322 9 110
357 394 322 9 110
358 394 322 9 110
359 394 322 9 110
360 394 322 9 110
361 394 322 9 110
362 394 322 9 110
363 394 322 9 110
356 395 322 9 110
357 395 322 9 110
358 395 322 9 110
359 395 322 9 110
360 395 322 9 110
361 395 322 9 110
362 395 322 9 110
363 395 322 9 110
356 388 323 9 110
357 388 323 9 110
358 388 323 9 110
359 388 323 9 110
360 388 323 9 110
361 388 323 9 110
362 388 323 9 110
363 388 323 9 110
356 389 323 9 110
357 389 323 9 110
358 389 323 9 110
359 389 323 9 110
360 389 323 9 110
361 389 323 9 110
362 389 323 9 110
363 389 323 9 110
356 390 323 9 110
357 390 323 9 110
358 390 323 9 102
359 390 323 9 102
360 390 323 9 102
361 390 323 9 102
362 390 323 9 110
363 390 323 9 110
356 391 323 9 110
357 391 323 9 110
358 391 323 9 102
359 391 323 9 102
360 391 323 9 102
361 391 323 9 102
362 391 323 9 110
363 391 323 9 110
356 392 323 9 110
357 392 323 9 110
358 392 323 9 102
359 392 323 9 102
360 392 323 9 102
361 392 323 9 102
362 392 323 9 110
363 392 323 9 110
356 393 323 9 110
357 393 323 9 110
358 393 323 9 102
359 393 323 9 102
360 393 323 9 102
361 393 323 9 102
362 393 323 9 110
363 393 323 9 110
356 394 323 9 110
357 394 323 9 110
358 394 323 9 110
359 394 323 9 110
360 394 323 9 110
361 394 323 9 110
362 394 323 9 110
363 394 323 9 110
356 395 323 9 110
357 395 323 9 110
358 395 323 9 110
359 395 323 9 110
360 395 323 9 110
361 395 323 9 110
362 395 323 9 110
363 395 323 9 110
356 388 324 13 110
357 388 324 13 110
358 388 324 13 110
359 388 324 13 110
360 388 324 13 110
361 388 324 13 110
362 388 324 13 110
363 388 324 13 110
356 389 324 13 110
357 389 324 13 110
358 389 324 13 110
359 389 324 13 110
360 389 324 13 110
361 389 324 13 110
362 389 324 13 110
363 389 324 13 110
356 390 324 13 110
357 390 324 13 110
358 390 324 13 102
359 390 324 13 102
360 390 324 13 102
361 390 324 13 102
362 390 324 13 110
363 390 324 13 110
356 391 324 13 110
357 391 324 13 110
358 391 324 13 102
359 391 324 13 102
360 391 324 13 102
361 391 324 13 102
362 391 324 13 110
363 391 324 13 110
356 392 324 13 110
357 392 324 13 110
358 392 324 13 102
359 392 324 13 102
360 392 324 13 102
361 392 324 13 102
362 392 324 13 110
363 392 324 13 110
356 393 324 13 110
357 393 324 13 110
358 393 324 13 102
359 393 324 13 102
360 393 324 13 102
361 393 324 13 102
362 393 324 13 110
363 393 324 13 110
356 394 324 13 110
357 394 324 13 110
358 394 324 13 110
359 394 324 13 110
360 394 324 13 110
361 394 324 13 110
362 394 324 13 110
363 394 324 13 110
356 395 324 13 110
357 395 324 13 110
358 395 324 13 110
359 395 324 13 110
360 395 324 13 110
361 395 324 13 110
362 395 324 13 110
363 395 324 13 110
356 388 325 13 110
357 388 325 13 110
358 388 325 13 110
359 388 325 13 110
360 388 325 13 110
361 388 325 13 110
362 388 325 13 110
363 388 325 13 110
356 389 325 13 110
357 389 325 13 110
358 389 325 13 110
359 389 325 13 110
360 389 325 13 110
361 389 325 13 110
362 389 325 13 110
363 389 325 13 110
356 390 325 13 110
357 390 325 13 110
358 390 325 13 102
359 390 325 13 102
360 390 325 13 102
361 390 325 13 102
362 390 325 13 110
363 390 325 13 110
356 391 325 13 110
357 391 325 13 110
358 391 325 13 102
359 391 325 13 102
360 391 325 13 102
361 391 325 13 102
362 391 325 13 110
363 391 325 13 110
356 392 325 13 110
357 392 325 13 110
358 392 325 13 102
359 392 325 13 102
360 392 325 13 102
361 392 325 13 102
362 392 325 13 110
363 392 325 13 110
356 393 325 13 110
357 393 325 13 110
358 393 325 13 102
359 393 325 13 102
360 393 325 13 102
361 393 325 13 102
362 393 325 13 110
363 393 325 13 110
356 394 325 13 110
357 394 325 13 110
358 394 325 13 110
359 394 325 13 110
360 394 325 13 110
361 394 325 13 110
362 394 325 13 110
363 394 325 13 110
356 395 325 13 110
357 395 325 13 110
358 395 325 13 110
359 395 325 13 110
360 395 325 13 110
361 395 325 13 110
362 395 325 13 110
363 395 325 13 110
356 388 326 13 110
357 388 326 13 110
358 388 326 13 110
359 388 326 13 110
360 388 326 13 110
361 388 326 13 110
362 388 326 13 110
363 388 326 13 110
356 389 326 13 110
357 389 326 13 110
358 389 326 13 110
359 389 326 13 110
360 389 326 13 110
361 389 326 13 110
362 389 326 13 110
363 389 326 13 110
356 390 326 13 110
357 390 326 13 110
358 390 326 13 102
359 390 326 13 102
360 390 326 13 102
361 390 326 13 102
362 390 326 13 110
363 390 326 13 110
356 391 326 13 110
357 391 326 13 110
358 391 326 13 102
359 391 326 13 102
360 391 326 13 102
361 391 326 13 102
362 391 326 13 110
363 391 326 13 110
356 392 326 13 110
357 392 326 13 110
358 392 326 13 102
359 392 326 13 102
360 392 326 13 102
361 392 326 13 102
362 392 326 13 110
363 392 326 13 110
356 393 326 13 110
357 393 326 13 110
358 393 326 13 102
359 393 326 13 102
360 393 326 13 102
361 393 326 13 102
362 393 326 13 110
363 393 326 13 110
356 394 326 13 110
357 394 326 13 110
358 394 326 13 110
359 394 326 13 110
360 394 326 13 110
361 394 326 13 110
362 394 326 13 110
363 394 326 13 110
356 395 326 13 110
357 395 326 13 110
358 395 326 13 110
359 395 326 13 110
360 395 326 13 110
361 395 326 13 110
362 395 326 13 110
363 395 326 13 110
356 388 327 13 110
357 388 327 13 110
358 388 327 13 110
359 388 327 13 110
360 388 327 13 110
361 388 327 13 110
362 388 327 13 110
363 388 327 13 110
356 389 327 13 110
357 389 327 13 110
358 389 327 13 110
359 389 327 13 110
360 389 327 13 110
361 389 327 13 110
362 389 327 13 110
363 389 327 13 110
356 390 327 13 110
357 390 327 13 110
358 390 327 13 102
359 390 327 13 102
360 390 327 13 102
361 390 327 13 102
362 390 327 13 110
363 390 327 13 110
356 391 327 13 110
357 391 327 13 110
358 391 327 13 102
359 391 327 13 102
360 391 327 13 102
361 391 327 13 102
362 391 327 13 110
363 391 327 13 110
356 392 327 13 110
357 392 327 13 110
358 392 327 13 102
359 392 327 13 102
360 392 327 13 102
361 392 327 13 102
362 392 327 13 110
363 392 327 13 110
356 393 327 13 110
357 393 327 13 110
358 393 327 13 102
359 393 327 13 102
360 393 327 13 102
361 393 327 13 102
362 393 327 13 110
363 393 327 13 110
356 394 327 13 110
357 394 327 13 110
358 394 327 13 110
359 394 327 13 110
360 394 327 13 110
361 394 327 13 110
362 394 327 13 110
363 394 327 13 110
356 395 327 13 110
357 395 327 13 110
358 395 327 13 110
359 395 327 13 110
360 395 327 13 110
361 395 327 13 110
362 395 327 13 110
363 395 327 13 110
356 388 328 13 110
357 388 328 13 110
358 388 328 13 110
359 388 328 13 110
360 388 328 13 110
361 388 328 13 110
362 388 328 13 110
363 388 328 13 110
356 389 328 13 110
357 389 328 13 110
358 389 328 13 110
359 389 328 13 110
360 389 328 13 110
361 389 328 13 110
362 389 328 13 110
363 389 328 13 110
356 390 328 13 110
357 390 328 13 110
358 390 328 13 102
359 390 328 13 102
360 390 328 13 102
361 390 328 13 102
362 390 328 13 110
363 390 328 13 110
356 391 328 13 110
357 391 328 13 110
358 391 328 13 102
359 391 328 13 102
360 391 328 13 102
361 391 328 13 102
362 391 328 13 110
363 391 328 13 110
356 392 328 13 110
357 392 328 13 110
358 392 328 13 102
359 392 328 13 102
360 392 328 13 102
361 392 328 13 102
362 392 328 13 110
363 392 328 13 110
356 393 328 13 110
357 393 328 13 110
358 393 328 13 102
359 393 328 13 102
360 393 328 13 102
361 393 328 13 102
362 393 328 13 110
363 393 328 13 110
356 394 328 13 110
357 394 328 13 110
358 394 328 13 110
359 394 328 13 110
360 394 328 13 110
361 394 328 13 110
362 394 328 13 110
363 394 328 13 110
356 395 328 13 110
357 395 328 13 110
358 395 328 13 110
359 395 328 13 110
360 395 328 13 110
361 395 328 13 110
362 395 328 13 110
363 395 328 13 110
356 388 329 13 110
357 388 329 13 110
358 388 329 13 110
359 388 329 13 110
360 388 329 13 110
361 388 329 13 110
362 388 329 13 110
363 388 329 13 110
356 389 329 13 110
357 389 329 13 110
358 389 329 13 110
359 389 329 13 110
360 389 329 13 110
361 389 329 13 110
362 389 329 13 110
363 389 329 13 110
356 390 329 13 110
357 390 329 13 110
358 390 329 13 102
359 390 329 13 102
360 390 329 13 102
361 390 329 13 102
362 390 329 13 110
363 390 329 13 110
356 391 329 13 110
357 391 329 13 110
358 391 329 13 102
359 391 329 13 102
360 391 329 13 102
361 391 329 13 102
362 391 329 13 110
363 391 329 13 110
356 392 329 13 110
357 392 329 13 110
358 392 329 13 102
359 392 329 13 102
360 392 329 13 102
361 392 329 13 102
362 392 329 13 110
363 392 329 13 110
356 393 329 13 110
357 393 329 13 110
358 393 329 13 102
359 393 329 13 102
360 393 329 13 102
361 393 329 13 102
362 393 329 13 110
363 393 329 13 110
356 394 329 13 110
357 394 329 13 110
358 394 329 13 110
359 394 329 13 110
360 394 329 13 110
361 394 329 13 110
362 394 329 13 110
363 394 329 13 110
356 395 329 13 110
357 395 329 13 110
358 395 329 13 110
359 395 329 13 110
360 395 329 13 110
361 395 329 13 110
362 395 329 13 110
363 395 329 13 110
356 388 330 13 110
357 388 330 13 110
358 388 330 13 110
359 388 330 13 110
360 388 330 13 110
361 388 330 13 110
362 388 330 13 110
363 388 330 13 110
356 389 330 13 110
357 389 330 13 110
358 389 330 13 110
359 389 330 13 110
360 389 330 13 110
361 389 330 13 110
362 389 330 13 110
363 389 330 13 110
356 390 330 13 110
357 390 330 13 110
358 390 330 13 102
359 390 330 13 102
360 390 330 13 102
361 390 330 13 102
362 390 330 13 110
363 390 330 13 110
356 391 330 13 110
357 391 330 13 110
358 391 330 13 102
359 391 330 13 102
360 391 330 13 102
361 391 330 13 102
362 391 330 13 110
363 391 330 13 110
356 392 330 13 110
357 392 330 13 110
358 392 330 13 102
359 392 330 13 102
360 392 330 13 102
361 392 330 13 102
362 392 330 13 110
363 392 330 13 110
356 393 330 13 110
357 393 330 13 110
358 393 330 13 102
359 393 330 13 102
360 393 330 13 102
361 393 330 13 102
362 393 330 13 110
363 393 330 13 110
356 394 330 13 110
357 394 330 13 110
358 394 330 13 110
359 394 330 13 110
360 394 330 13 110
361 394 330 13 110
362 394 330 13 110
363 394 330 13 110
356 395 330 13 110
357 395 330 13 110
358 395 330 13 110
359 395 330 13 110
360 395 330 13 110
361 395 330 13 110
362 395 330 13 110
363 395 330 13 110
356 388 331 13 110
357 388 331 13 110
358 388 331 13 110
359 388 331 13 110
360 388 331 13 110
361 388 331 13 110
362 388 331 13 110
363 388 331 13 110
356 389 331 13 110
357 389 331 13 110
358 389 331 13 110
359 389 331 13 110
360 389 331 13 110
361 389 331 13 110
362 389 331 13 110
363 389 331 13 110
356 390 331 13 110
357 390 331 13 110
358 390 331 13 102
359 390 331 13 102
360 390 331 13 102
361 390 331 13 102
362 390 331 13 110
363 390 331 13 110
356 391 331 13 110
357 391 331 13 110
358 391 331 13 102
359 391 331 13 102
360 391 331 13 102
361 391 331 13 102
362 391 331 13 110
363 391 331 13 110
356 392 331 13 110
357 392 331 13 110
358 392 331 13 102
359 392 331 13 102
360 392 331 13 102
361 392 331 13 102
362 392 331 13 110
363 392 331 13 110
356 393 331 13 110
357 393 331 13 110
358 393 331 13 102
359 393 331 13 102
360 393 331 13 102
361 393 331 13 102
362 393 331 13 110
363 393 331 13 110
356 394 331 13 110
357 394 331 13 110
358 394 331 13 110
359 394 331 13 110
360 394 331 13 110
361 394 331 13 110
362 394 331 13 110
363 394 331 13 110
356 395 331 13 110
357 395 331 13 110
358 395 331 13 110
359 395 331 13 110
360 395 331 13 110
361 395 331 13 110
362 395 331 13 110
363 395 331 13 110
356 388 332 13 110
357 388 332 13 110
358 388 332 13 110
359 388 332 13 110
360 388 332 13 110
361 388 332 13 110
362 388 332 13 110
363 388 332 13 110
356 389 332 13 110
357 389 332 13 110
358 389 332 13 110
359 389 332 13 110
360 389 332 13 110
361 389 332 13 110
362 389 332 13 110
363 389 332 13 110
356 390 332 13 110
357 390 332 13 110
358 390 332 13 102
359 390 332 13 102
360 390 332 13 102
361 390 332 13 102
362 390 332 13 110
363 390 332 13 110
356 391 332 13 110
357 391 332 13 110
358 391 332 13 102
359 391 332 13 102
360 391 332 13 102
361 391 332 13 102
362 391 332 13 110
363 391 332 13 110
356 392 332 13 110
357 392 332 13 110
358 392 332 13 102
359 392 332 13 102
360 392 332 13 102
361 392 332 13 102
362 392 332 13 110
363 392 332 13 110
356 393 332 13 110
357 393 332 13 110
358 393 332 13 102
359 393 332 13 102
360 393 332 13 102
361 393 332 13 102
362 393 332 13 110
363 393 332 13 110
356 394 332 13 110
357 394 332 13 110
358 394 332 13 110
359 394 332 13 110
360 394 332 13 110
361 394 332 13 110
362 394 332 13 110
363 394 332 13 110
356 395 332 13 110
357 395 332 13 110
358 395 332 13 110
359 395 332 13 110
360 395 332 13 110
361 395 332 13 110
362 395 332 13 110
363 395 332 13 110
356 388 333 13 110
357 388 333 13 110
358 388 333 13 110
359 388 333 13 110
360 388 333 13 110
361 388 333 13 110
362 388 333 13 110
363 388 333 13 110
356 389 333 13 110
357 389 333 13 110
358 389 333 13 110
359 389 333 13 110
360 389 333 13 110
361 389 333 13 110
362 389 333 13 110
363 389 333 13 110
356 390 333 13 110
357 390 333 13 110
358 390 333 13 102
359 390 333 13 102
360 390 333 13 102
361 390 333 13 102
362 390 333 13 110
363 390 333 13 110
356 391 333 13 110
357 391 333 13 110
358 391 333 13 102
359 391 333 13 102
360 391 333 13 102
361 391 333 13 102
362 391 333 13 110
363 391 333 13 110
356 392 333 13 110
357 392 333 13 110
358 392 333 13 102
359 392 333 13 102
360 392 333 13 102
361 392 333 13 102
362 392 333 13 110
363 392 333 13 110
356 393 333 13 110
357 393 333 13 110
358 393 333 13 102
359 393 333 13 102
360 393 333 13 102
361 393 333 13 102
362 393 333 13 110
363 393 333 13 110
356 394 333 13 110
357 394 333 13 110
358 394 333 13 110
359 394 333 13 110
360 394 333 13 110
361 394 333 13 110
362 394 333 13 110
363 394 333 13 110
356 395 333 13 110
357 395 333 13 110
358 395 333 13 110
359 395 333 13 110
360 395 333 13 110
361 395 333 13 110
362 395 333 13 110
363 395 333 13 110
356 388 334 13 110
357 388 334 13 110
358 388 334 13 110
359 388 334 13 110
360 388 334 13 110
361 388 334 13 110
362 388 334 13 110
363 388 334 13 110
356 389 334 13 110
357 389 334 13 110
358 389 334 13 110
359 389 334 13 110
360 389 334 13 110
361 389 334 13 110
362 389 334 13 110
363 389 334 13 110
356 390 334 13 110
357 390 334 13 110
358 390 334 13 102
359 390 334 13 102
360 390 334 13 102
361 390 334 13 102
362 390 334 13 110
363 390 334 13 110
356 391 334 13 110
357 391 334 13 110
358 391 334 13 102
359 391 334 13 102
360 391 334 13 102
361 391 334 13 102
362 391 334 13 110
363 391 334 13 110
356 392 334 13 110
357 392 334 13 110
358 392 334 13 102
359 392 334 13 102
360 392 334 13 102
361 392 334 13 102
362 392 334 13 110
363 392 334 13 110
356 393 334 13 110
357 393 334 13 110
358 393 334 13 102
359 393 334 13 102
360 393 334 13 102
361 393 334 13 102
362 393 334 13 110
363 393 334 13 110
356 394 334 13 110
357 394 334 13 110
358 394 334 13 110
359 394 334 13 110
360 394 334 13 110
361 394 334 13 110
362 394 334 13 110
363 394 334 13 110
356 395 334 13 110
357 395 334 13 110
358 395 334 13 110
359 395 334 13 110
360 395 334 13 110
361 395 334 13 110
362 395 334 13 110
363 395 334 13 110
356 388 335 13 110
357 388 335 13 110
358 388 335 13 110
359 388 335 13 110
360 388 335 13 110
361 388 335 13 110
362 388 335 13 110
363 388 335 13 110
356 389 335 13 110
357 389 335 13 110
358 389 335 13 110
359 389 335 13 110
360 389 335 13 110
361 389 335 13 110
362 389 335 13 110
363 389 335 13 110
356 390 335 13 110
357 390 335 13 110
358 390 335 13 102
359 390 335 13 102
360 390 335 13 102
361 390 335 13 102
362 390 335 13 110
363 390 335 13 110
356 391 335 13 110
357 391 335 13 110
358 391 335 13 102
359 391 335 13 102
360 391 335 13 102
361 391 335 13 102
362 391 335 13 110
363 391 335 13 110
356 392 335 13 110
357 392 335 13 110
358 392 335 13 102
359 392 335 13 102
360 392 335 13 102
361 392 335 13 102
362 392 335 13 110
363 392 335 13 110
356 393 335 13 110
357 393 335 13 110
358 393 335 13 102
359 393 335 13 102
360 393 335 13 102
361 393 335 13 102
362 393 335 13 110
363 393 335 13 110
356 394 335 13 110
357 394 335 13 110
358 394 335 13 110
359 394 335 13 110
360 394 335 13 110
361 394 335 13 110
362 394 335 13 110
363 394 335 13 110
356 395 335 13 110
357 395 335 13 110
358 395 335 13 110
359 395 335 13 110
360 395 335 13 110
361 395 335 13 110
362 395 335 13 110
363 395 335 13 110
356 388 336 0 110
357 388 336 0 110
358 388 336 0 110
359 388 336 0 110
360 388 336 0 110
361 388 336 0 110
362 388 336 0 110
363 388 336 0 110
356 389 336 0 110
357 389 336 0 110
358 389 336 0 110
359 389 336 0 110
360 389 336 0 110
361 389 336 0 110
362 389 336 0 110
363 389 336 0 110
356 390 336 0 110
357 390 336 0 110
358 390 336 0 102
359 390 336 0 102
360 390 336 0 102
361 390 336 0 102
362 390 336 0 110
363 390 336 0 110
356 391 336 0 110
357 391 336 0 110
358 391 336 0 102
359 391 336 0 102
360 391 336 0 102
361 391 336 0 102
362 391 336 0 110
363 391 336 0 110
356 392 336 0 110
357 392 336 0 110
358 392 336 0 102
359 392 336 0 102
360 392 336 0 102
361 392 336 0 102
362 392 336 0 110
363 392 336 0 110
356 393 336 0 110
357 393 336 0 110
358 393 336 0 102
359 393 336 0 102
360 393 336 0 102
361 393 336 0 102
362 393 336 0 110
363 393 336 0 110
356 394 336 0 110
357 394 336 0 110
358 394 336 0 110
359 394 336 0 110
360 394 336 0 110
361 394 336 0 110
362 394 336 0 110
363 394 336 0 110
356 395 336 0 110
357 395 336 0 110
358 395 336 0 110
359 395 336 0 110
360 395 336 0 110
361 395 336 0 110
362 395 336 0 110
363 395 336 0 110
356 388 337 0 110
357 388 337 0 110
358 388 337 0 110
359 388 337 0 110
360 388 337 0 110
361 388 337 0 110
362 388 337 0 110
363 388 337 0 110
356 389 337 0 110
357 389 337 0 110
358 389 337 0 110
359 389 337 0 110
360 389 337 0 110
361 389 337 0 110
362 389 337 0 110
363 389 337 0 110
356 390 337 0 110
357 390 337 0 110
358 390 337 0 102
359 390 337 0 102
360 390 337 0 102
361 390 337 0 102
362 390 337 0 110
363 390 337 0 110
356 391 337 0 110
357 391 337 0 110
358 391 337 0 102
359 391 337 0 102
360 391 337 0 102
361 391 337 0 102
362 391 337 0 110
363 391 337 0 110
356 392 337 0 110
357 392 337 0 110
358 392 337 0 102
359 392 337 0 102
360 392 337 0 102
361 392 337 0 102
362 392 337 0 110
363 392 337 0 110
356 393 337 0 110
357 393 337 0 110
358 393 337 0 102
359 393 337 0 102
360 393 337 0 102
361 393 337 0 102
362 393 337 0 110
363 393 337 0 110
356 394 337 0 110
357 394 337 0 110
358 394 337 0 110
359 394 337 0 110
360 394 337 0 110
361 394 337 0 110
362 394 337 0 110
363 394 337 0 110
356 395 337 0 110
357 395 337 0 110
358 395 337 0 110
359 395 337 0 110
360 395 337 0 110
361 395 337 0 110
362 395 337 0 110
363 395 337 0 110
356 388 338 0 110
357 388 338 0 110
358 388 338 0 110
359 388 338 0 110
360 388 338 0 110
361 388 338 0 110
362 388 338 0 110
363 388 338 0 110
356 389 338 0 110
357 389 338 0 110
358 389 338 0 110
359 389 338 0 110
360 389 338 0 110
361 389 338 0 110
362 389 338 0 110
363 389 338 0 110
356 390 338 0 110
357 390 338 0 110
358 390 338 0 102
359 390 338 0 102
360 390 338 0 102
361 390 338 0 102
362 390 338 0 110
363 390 338 0 110
356 391 338 0 110
357 391 338 0 110
358 391 338 0 102
359 391 338 0 102
360 391 338 0 102
361 391 338 0 102
362 391 338 0 110
363 391 338 0 110
356 392 338 0 110
357 392 338 0 110
358 392 338 0 102
359 392 338 0 102
360 392 338 0 102
361 392 338 0 102
362 392 338 0 110
363 392 338 0 110
356 393 338 0 110
357 393 338 0 110
358 393 338 0 102
359 393 338 0 102
360 393 338 0 102
361 393 338 0 102
362 393 338 0 110
363 393 338 0 110
356 394 338 0 110
357 394 338 0 110
358 394 338 0 110
359 394 338 0 110
360 394 338 0 110
361 394 338 0 110
362 394 338 0 110
363 394 338 0 110
356 395 338 0 110
357 395 338 0 110
358 395 338 0 110
359 395 338 0 110
360 395 338 0 110
361 395 338 0 110
362 395 338 0 110
363 395 338 0 110
356 388 339 0 110
357 388 339 0 110
358 388 339 0 110
359 388 339 0 110
360 388 339 0 110
361 388 339 0 110
362 388 339 0 110
363 388 339 0 110
356 389 339 0 110
357 389 339 0 110
358 389 339 0 110
359 389 339 0 110
360 389 339 0 110
361 389 339 0 110
362 389 339 0 110
363 389 339 0 110
356 390 339 0 110
357 390 339 0 110
358 390 339 0 102
359 390 339 0 102
360 390 339 0 102
361 390 339 0 102
362 390 339 0 110
363 390 339 0 110
356 391 339 0 110
357 391 339 0 110
358 391 339 0 102
359 391 339 0 102
360 391 339 0 102
361 391 339 0 102
362 391 339 0 110
363 391 339 0 110
356 392 339 0 110
357 392 339 0 110
358 392 339 0 102
359 392 339 0 102
360 392 339 0 102
361 392 339 0 102
362 392 339 0 110
363 392 339 0 110
356 393 339 0 110
357 393 339 0 110
358 393 339 0 102
359 393 339 0 102
360 393 339 0 102
361 393 339 0 102
362 393 339 0 110
363 393 339 0 110
356 394 339 0 110
357 394 339 0 110
358 394 339 0 110
359 394 339 0 110
360 394 339 0 110
361 394 339 0 110
362 394 339 0 110
363 394 339 0 110
356 395 339 0 110
357 395 339 0 110
358 395 339 0 110
359 395 339 0 110
360 395 339 0 110
361 395 339 0 110
362 395 339 0 110
363 395 339 0 110
356 388 340 0 110
357 388 340 0 110
358 388 340 0 110
359 388 340 0 110
360 388 340 0 110
361 388 340 0 110
362 388 340 0 110
363 388 340 0 110
356 389 340 0 110
357 389 340 0 110
358 389 340 0 110
359 389 340 0 110
360 389 340 0 110
361 389 340 0 110
362 389 340 0 110
363 389 340 0 110
356 390 340 0 110
357 390 340 0 110
358 390 340 0 102
359 390 340 0 102
360 390 340 0 102
361 390 340 0 102
362 390 340 0 110
363 390 340 0 110
356 391 340 0 110
357 391 340 0 110
358 391 340 0 102
359 391 340 0 102
360 391 340 0 102
361 391 340 0 102
362 391 340 0 110
363 391 340 0 110
356 392 340 0 110
357 392 340 0 110
358 392 340 0 102
359 392 340 0 102
360 392 340 0 102
361 392 340 0 102
362 392 340 0 110
363 392 340 0 110
356 393 340 0 110
357 393 340 0 110
358 393 340 0 102
359 393 340 0 102
360 393 340 0 102
361 393 340 0 102
362 393 340 0 110
363 393 340 0 110
356 394 340 0 110
357 394 340 0 110
358 394 340 0 110
359 394 340 0 110
360 394 340 0 110
361 394 340 0 110
362 394 340 0 110
363 394 340 0 110
356 395 340 0 110
357 395 340 0 110
358 395 340 0 110
359 395 340 0 110
360 395 340 0 110
361 395 340 0 110
362 395 340 0 110
363 395 340 0 110
356 388 341 0 110
357 388 341 0 110
358 388 341 0 110
359 388 341 0 110
360 388 341 0 110
361 388 341 0 110
362 388 341 0 110
363 388 341 0 110
356 389 341 0 110
357 389 341 0 110
358 389 341 0 110
359 389 341 0 110
360 389 341 0 110
361 389 341 0 110
362 389 341 0 110
363 389 341 0 110
356 390 341 0 110
357 390 341 0 110
358 390 341 0 102
359 390 341 0 102
360 390 341 0 102
361 390 341 0 102
362 390 341 0 110
363 390 341 0 110
356 391 341 0 110
357 391 341 0 110
358 391 341 0 102
359 391 341 0 102
360 391 341 0 102
361 391 341 0 102
362 391 341 0 110
363 391 341 0 110
356 392 341 0 110
357 392 341 0 110
358 392 341 0 102
359 392 341 0 102
360 392 341 0 102
361 392 341 0 102
362 392 341 0 110
363 392 341 0 110
356 393 341 0 110
357 393 341 0 110
358 393 341 0 102
359 393 341 0 102
360 393 341 0 102
361 393 341 0 102
362 393 341 0 110
363 393 341 0 110
356 394 341 0 110
357 394 341 0 110
358 394 341 0 110
359 394 341 0 110
360 394 341 0 110
361 394 341 0 110
362 394 341 0 110
363 394 341 0 110
356 395 341 0 110
357 395 341 0 110
358 395 341 0 110
359 395 341 0 110
360 395 341 0 110
361 395 341 0 110
362 395 341 0 110
363 395 341 0 110
356 388 342 0 110
357 388 342 0 110
358 388 342 0 110
359 388 342 0 110
360 388 342 0 110
361 388 342 0 110
362 388 342 0 110
363 388 342 0 110
356 389 342 0 110
357 389 342 0 110
358 389 342 0 110
359 389 342 0 110
360 389 342 0 110
361 389 342 0 110
362 389 342 0 110
363 389 342 0 110
356 390 342 0 110
357 390 342 0 110
358 390 342 0 102
359 390 342 0 102
360 390 342 0 102
361 390 342 0 102
362 390 342 0 110
363 390 342 0 110
356 391 342 0 110
357 391 342 0 110
358 391 342 0 102
359 391 342 0 102
360 391 342 0 102
361 391 342 0 102
362 391 342 0 110
363 391 342 0 110
356 392 342 0 110
357 392 342 0 110
358 392 342 0 102
359 392 342 0 102
360 392 342 0 102
361 392 342 0 102
362 392 342 0 110
363 392 342 0 110
356 393 342 0 110
357 393 342 0 110
358 393 342 0 102
359 393 342 0 102
360 393 342 0 102
361 393 342 0 102
362 393 342 0 110
363 393 342 0 110
356 394 342 0 110
357 394 342 0 110
358 394 342 0 110
359 394 342 0 110
360 394 342 0 110
361 394 342 0 110
362 394 342 0 110
363 394 342 0 110
356 395 342 0 110
357 395 342 0 110
358 395 342 0 110
359 395 342 0 110
360 395 342 0 110
361 395 342 0 110
362 395 342 0 110
363 395 342 0 110
356 388 343 0 110
357 388 343 0 110
358 388 343 0 110
359 388 343 0 110
360 388 343 0 110
361 388 343 0 110
362 388 343 0 110
363 388 343 0 110
356 389 343 0 110
357 389 343 0 110
358 389 343 0 110
359 389 343 0 110
360 389 343 0 110
361 389 343 0 110
362 389 343 0 110
363 389 343 0 110
356 390 343 0 110
357 390 343 0 110
358 390 343 0 102
359 390 343 0 102
360 390 343 0 102
361 390 343 0 102
362 390 343 0 110
363 390 343 0 110
356 391 343 0 110
357 391 343 0 110
358 391 343 0 102
359 391 343 0 102
360 391 343 0 102
361 391 343 0 102
362 391 343 0 110
363 391 343 0 110
356 392 343 0 110
357 392 343 0 110
358 392 343 0 102
359 392 343 0 102
360 392 343 0 102
361 392 343 0 102
362 392 343 0 110
363 392 343 0 110
356 393 343 0 110
357 393 343 0 110
358 393 343 0 102
359 393 343 0 102
360 393 343 0 102
361 393 343 0 102
362 393 343 0 110
363 393 343 0 110
356 394 343 0 110
357 394 343 0 110
358 394 343 0 110
359 394 343 0 110
360 394 343 0 110
361 394 343 0 110
362 394 343 0 110
363 394 343 0 110
356 395 343 0 110
357 395 343 0 110
358 395 343 0 110
359 395 343 0 110
360 395 343 0 110
361 395 343 0 110
362 395 343 0 110
363 395 343 0 110
356 388 344 0 110
357 388 344 0 110
358 388 344 0 110
359 388 344 0 110
360 388 344 0 110
361 388 344 0 110
362 388 344 0 110
363 388 344 0 110
356 389 344 0 110
357 389 344 0 110
358 389 344 0 110
359 389 344 0 110
360 389 344 0 110
361 389 344 0 110
362 389 344 0 110
363 389 344 0 110
356 390 344 0 110
357 390 344 0 110
358 390 344 0 110
359 390 344 0 110
360 390 344 0 110
361 390 344 0 110
362 390 344 0 110
363 390 344 0 110
356 391 344 0 110
357 391 344 0 110
358 391 344 0 110
359 391 344 0 110
360 391 344 0 110
361 391 344 0 110
362 391 344 0 110
363 391 344 0 110
356 392 344 0 110
357 392 344 0 110
358 392 344 0 110
359 392 344 0 110
360 392 344 0 110
361 392 344 0 110
362 392 344 0 110
363 392 344 0 110
356 393 344 0 110
357 393 344 0 110
358 393 344 0 110
359 393 344 0 110
360 393 344 0 110
361 393 344 0 110
362 393 344 0 110
363 393 344 0 110
356 394 344 0 110
357 394 344 0 110
358 394 344 0 110
359 394 344 0 110
360 394 344 0 110
361 394 344 0 110
362 394 344 0 110
363 394 344 0 110
356 395 344 0 110
357 395 344 0 110
358 395 344 0 110
359 395 344 0 110
360 395 344 0 110
361 395 344 0 110
362 395 344 0 110
363 395 344 0 110
356 388 345 0 110
357 388 345 0 110
358 388 345 0 110
359 388 345 0 110
360 388 345 0 110
361 388 345 0 110
362 388 345 0 110
363 388 345 0 110
356 389 345 0 110
357 389 345 0 110
358 389 345 0 110
359 389 345 0 110
360 389 345 0 110
361 389 345 0 110
362 389 345 0 110
363 389 345 0 110
356 390 345 0 110
357 390 345 0 110
358 390 345 0 110
359 390 345 0 110
360 390 345 0 110
361 390 345 0 110
362 390 345 0 110
363 390 345 0 110
356 391 345 0 110
357 391 345 0 110
358 391 345 0 110
359 391 345 0 110
360 391 345 0 110
361 391 345 0 110
362 391 345 0 110
363 391 345 0 110
356 392 345 0 110
357 392 345 0 110
358 392 345 0 110
359 392 345 0 110
360 392 345 0 110
361 392 345 0 110
362 392 345 0 110
363 392 345 0 110
356 393 345 0 110
357 393 345 0 110
358 393 345 0 110
359 393 345 0 110
360 393 345 0 110
361 393 345 0 110
362 393 345 0 110
363 393 345 0 110
356 394 345 0 110
357 394 345 0 110
358 394 345 0 110
359 394 345 0 110
360 394 345 0 110
361 394 345 0 110
362 394 345 0 110
363 394 345 0 110
356 395 345 0 110
357 395 345 0 110
358 395 345 0 110
359 395 345 0 110
360 395 345 0 110
361 395 345 0 110
362 395 345 0 110
363 395 345 0 110
356 388 346 0 110
357 388 346 0 110
358 388 346 0 110
359 388 346 0 110
360 388 346 0 110
361 388 346 0 110
362 388 346 0 110
363 388 346 0 110
356 389 346 0 110
357 389 346 0 110
358 389 346 0 110
359 389 346 0 110
360 389 346 0 110
361 389 346 0 110
362 389 346 0 110
363 389 346 0 110
356 390 346 0 110
357 390 346 0 110
358 390 346 0 110
359 390 346 0 110
360 390 346 0 110
361 390 346 0 110
362 390 346 0 110
363 390 346 0 110
356 391 346 0 110
357 391 346 0 110
358 391 346 0 110
359 391 346 0 110
360 391 346 0 110
361 391 346 0 110
362 391 346 0 110
363 391 346 0 110
356 392 346 0 110
357 392 346 0 110
358 392 346 0 110
359 392 346 0 110
360 392 346 0 110
361 392 346 0 110
362 392 346 0 110
363 392 346 0 110
356 393 346 0 110
357 393 346 0 110
358 393 346 0 110
359 393 346 0 110
360 393 346 0 110
361 393 346 0 110
362 393 346 0 110
363 393 346 0 110
356 394 346 0 110
357 394 346 0 110
358 394 346 0 110
359 394 346 0 110
360 394 346 0 110
361 394 346 0 110
362 394 346 0 110
363 394 346 0 110
356 395 346 0 110
357 395 346 0 110
358 395 346 0 110
359 395 346 0 110
360 395 346 0 110
361 395 346 0 110
362 395 346 0 110
363 395 346 0 110
356 388 347 0 110
357 388 347 0 110
358 388 347 0 110
359 388 347 0 110
360 388 347 0 110
361 388 347 0 110
362 388 347 0 110
363 388 347 0 110
356 389 347 0 110
357 389 347 0 110
358 389 347 0 110
359 389 347 0 110
360 389 347 0 110
361 389 347 0 110
362 389 347 0 110
363 389 347 0 110
356 390 347 0 110
357 390 347 0 110
358 390 347 0 110
359 390 347 0 110
360 390 347 0 110
361 390 347 0 110
362 390 347 0 110
363 390 347 0 110
356 391 347 0 110
357 391 347 0 110
358 391 347 0 110
359 391 347 0 110
360 391 347 0 110
361 391 347 0 110
362 391 347 0 110
363 391 347 0 110
356 392 347 0 110
357 392 347 0 110
358 392 347 0 110
359 392 347 0 110
360 392 347 0 110
361 392 347 0 110
362 392 347 0 110
363 392 347 0 110
356 393 347 0 110
357 393 347 0 110
358 393 347 0 110
359 393 347 0 110
360 393 347 0 110
361 393 347 0 110
362 393 347 0 110
363 393 347 0 110
356 394 347 0 110
357 394 347 0 110
358 394 347 0 110
359 394 347 0 110
360 394 347 0 110
361 394 347 0 110
362 394 347 0 110
363 394 347 0 110
356 395 347 0 110
357 395 347 0 110
358 395 347 0 110
359 395 347 0 110
360 395 347 0 110
361 395 347 0 110
362 395 347 0 110
363 395 347 0 110
356 388 348 0 110
357 388 348 0 110
358 388 348 0 110
359 388 348 0 110
360 388 348 0 110
361 388 348 0 110
362 388 348 0 110
363 388 348 0 110
356 389 348 0 110
357 389 348 0 110
358 389 348 0 110
359 389 348 0 110
360 389 348 0 110
361 389 348 0 110
362 389 348 0 110
363 389 348 0 110
356 390 348 0 110
357 390 348 0 110
358 390 348 0 110
359 390 348 0 110
360 390 348 0 110
361 390 348 0 110
362 390 348 0 110
363 390 348 0 110
356 391 348 0 110
357 391 348 0 110
358 391 348 0 110
359 391 348 0 110
360 391 348 0 110
361 391 348 0 110
362 391 348 0 110
363 391 348 0 110
356 392 348 0 110
357 392 348 0 110
358 392 348 0 110
359 392 348 0 110
360 392 348 0 110
361 392 348 0 110
362 392 348 0 110
363 392 348 0 110
356 393 348 0 110
357 393 348 0 110
358 393 348 0 110
359 393 348 0 110
360 393 348 0 110
361 393 348 0 110
362 393 348 0 110
363 393 348 0 110
356 394 348 0 110
357 394 348 0 110
358 394 348 0 110
359 394 348 0 110
360 394 348 0 110
361 394 348 0 110
362 394 348 0 110
363 394 348 0 110
356 395 348 0 110
357 395 348 0 110
358 395 348 0 110
359 395 348 0 110
360 395 348 0 110
361 395 348 0 110
362 395 348 0 110
363 395 348 0 110
356 388 349 0 110
357 388 349 0 110
358 388 349 0 110
359 388 349 0 110
360 388 349 0 110
361 388 349 0 110
362 388 349 0 110
363 388 349 0 110
356 389 349 0 110
357 389 349 0 110
358 389 349 0 110
359 389 349 0 110
360 389 349 0 110
361 389 349 0 110
362 389 349 0 110
363 389 349 0 110
356 390 349 0 110
357 390 349 0 110
358 390 349 0 110
359 390 349 0 110
360 390 349 0 110
361 390 349 0 110
362 390 349 0 110
363 390 349 0 110
356 391 349 0 110
357 391 349 0 110
358 391 349 0 110
359 391 349 0 110
360 391 349 0 110
361 391 349 0 110
362 391 349 0 110
363 391 349 0 110
356 392 349 0 110
357 392 349 0 110
358 392 349 0 110
359 392 349 0 110
360 392 349 0 110
361 392 349 0 110
362 392 349 0 110
363 392 349 0 110
356 393 349 0 110
357 393 349 0 110
358 393 349 0 110
359 393 349 0 110
360 393 349 0 110
361 393 349 0 110
362 393 349 0 110
363 393 349 0 110
356 394 349 0 110
357 394 349 0 110
358 394 349 0 110
359 394 349 0 110
360 394 349 0 110
361 394 349 0 110
362 394 349 0 110
363 394 349 0 110
356 395 349 0 110
357 395 349 0 110
358 395 349 0 110
359 395 349 0 110
360 395 349 0 110
361 395 349 0 110
362 395 349 0 110
363 395 349 0 110
